"id_inventario","id_farmacia","nombre_farmacia","sector","id_producto","nombre_producto","categoria","stock_actual","stock_minimo","dias_cobertura","estado_stock","lote","fecha_caducidad"
"INV00001","F001","Farmacia Economica Quitumbe 1","Quitumbe","P108","Amoxicilina Forte","Cardiovasculares","3","17","1,2","Critico","LOT-6968","2029-08-01"
"INV00002","F001","Farmacia Economica Quitumbe 1","Quitumbe","P136","Amoxicilina Forte","Cardiovasculares","99","17","39,6","Excedente","LOT-6535","2029-04-25"
"INV00003","F001","Farmacia Economica Quitumbe 1","Quitumbe","P027","Paracetamol 500mg","Respiratorios","92","19","36,8","Excedente","LOT-8537","2028-07-05"
"INV00004","F001","Farmacia Economica Quitumbe 1","Quitumbe","P012","Amoxicilina 500mg","Cardiovasculares","66","28","26,4","Excedente","LOT-4293","2027-11-02"
"INV00005","F001","Farmacia Economica Quitumbe 1","Quitumbe","P097","Vitamina C 500mg","Analgesicos","3","18","1,2","Critico","LOT-3385","2028-06-22"
"INV00006","F001","Farmacia Economica Quitumbe 1","Quitumbe","P098","Aspirina 100mg","Cardiovasculares","25","17","10","Normal","LOT-5279","2029-05-24"
"INV00007","F001","Farmacia Economica Quitumbe 1","Quitumbe","P020","Amoxicilina Plus","Analgesicos","42","24","16,8","Normal","LOT-7803","2029-05-16"
"INV00008","F001","Farmacia Economica Quitumbe 1","Quitumbe","P118","Losartan Plus","Respiratorios","27","17","10,8","Normal","LOT-8027","2027-08-27"
"INV00009","F001","Farmacia Economica Quitumbe 1","Quitumbe","P029","Aspirina 500mg","Analgesicos","8","26","3,2","Bajo","LOT-9587","2028-10-12"
"INV00010","F001","Farmacia Economica Quitumbe 1","Quitumbe","P060","Omeprazol Forte","Analgesicos","45","28","18","Normal","LOT-4782","2029-03-29"
"INV00011","F001","Farmacia Economica Quitumbe 1","Quitumbe","P096","Losartan 50mg","Analgesicos","20","26","8","Normal","LOT-6304","2028-02-17"
"INV00012","F001","Farmacia Economica Quitumbe 1","Quitumbe","P004","Aspirina 50mg","Respiratorios","31","27","12,4","Normal","LOT-1244","2028-12-05"
"INV00013","F001","Farmacia Economica Quitumbe 1","Quitumbe","P092","Vitamina C Forte","Respiratorios","21","27","8,4","Normal","LOT-2403","2028-09-17"
"INV00014","F001","Farmacia Economica Quitumbe 1","Quitumbe","P025","Omeprazol 50mg","Respiratorios","8","29","3,2","Bajo","LOT-9014","2027-05-16"
"INV00015","F001","Farmacia Economica Quitumbe 1","Quitumbe","P091","Ibuprofeno 100mg","Analgesicos","31","21","12,4","Normal","LOT-9502","2027-05-07"
"INV00016","F002","Farmacia Economica Carapungo 2","Carapungo","P018","Amoxicilina Forte","Respiratorios","23","16","9,2","Normal","LOT-7364","2027-11-30"
"INV00017","F002","Farmacia Economica Carapungo 2","Carapungo","P097","Vitamina C 500mg","Analgesicos","95","15","38","Excedente","LOT-1226","2028-06-22"
"INV00018","F002","Farmacia Economica Carapungo 2","Carapungo","P086","Losartan Forte","Respiratorios","42","28","16,8","Normal","LOT-4605","2029-02-01"
"INV00019","F002","Farmacia Economica Carapungo 2","Carapungo","P101","Loratadina 100mg","Analgesicos","11","20","4,4","Bajo","LOT-3678","2028-05-11"
"INV00020","F002","Farmacia Economica Carapungo 2","Carapungo","P141","Paracetamol 50mg","Respiratorios","3","24","1,2","Critico","LOT-2157","2029-08-05"
"INV00021","F002","Farmacia Economica Carapungo 2","Carapungo","P135","Amoxicilina Plus","Respiratorios","31","20","12,4","Normal","LOT-9117","2028-11-26"
"INV00022","F002","Farmacia Economica Carapungo 2","Carapungo","P106","Paracetamol 500mg","Respiratorios","43","22","17,2","Normal","LOT-1605","2029-03-17"
"INV00023","F002","Farmacia Economica Carapungo 2","Carapungo","P004","Aspirina 50mg","Respiratorios","36","28","14,4","Normal","LOT-8376","2028-12-05"
"INV00024","F002","Farmacia Economica Carapungo 2","Carapungo","P073","Paracetamol 500mg","Respiratorios","24","27","9,6","Normal","LOT-5243","2029-10-04"
"INV00025","F002","Farmacia Economica Carapungo 2","Carapungo","P075","Paracetamol 50mg","Analgesicos","1","24","0,4","Critico","LOT-2224","2028-04-13"
"INV00026","F002","Farmacia Economica Carapungo 2","Carapungo","P036","Ibuprofeno 100mg","Analgesicos","5","23","2","Bajo","LOT-2308","2028-12-27"
"INV00027","F002","Farmacia Economica Carapungo 2","Carapungo","P013","Omeprazol Plus","Respiratorios","12","23","4,8","Bajo","LOT-1692","2027-11-16"
"INV00028","F002","Farmacia Economica Carapungo 2","Carapungo","P078","Losartan 500mg","Respiratorios","1","26","0,4","Critico","LOT-2298","2029-03-08"
"INV00029","F002","Farmacia Economica Carapungo 2","Carapungo","P058","Aspirina Plus","Analgesicos","34","25","13,6","Normal","LOT-5441","2027-06-06"
"INV00030","F002","Farmacia Economica Carapungo 2","Carapungo","P020","Amoxicilina Plus","Analgesicos","13","26","5,2","Bajo","LOT-8052","2029-05-16"
"INV00031","F003","Farmacia Economica Quitumbe 3","Quitumbe","P007","Ibuprofeno 50mg","Cardiovasculares","25","21","10","Normal","LOT-5599","2028-01-13"
"INV00032","F003","Farmacia Economica Quitumbe 3","Quitumbe","P145","Amoxicilina Forte","Cardiovasculares","66","20","26,4","Excedente","LOT-4424","2028-07-14"
"INV00033","F003","Farmacia Economica Quitumbe 3","Quitumbe","P085","Loratadina Plus","Cardiovasculares","21","29","8,4","Normal","LOT-2142","2029-04-22"
"INV00034","F003","Farmacia Economica Quitumbe 3","Quitumbe","P114","Aspirina Forte","Cardiovasculares","29","28","11,6","Normal","LOT-6178","2027-07-06"
"INV00035","F003","Farmacia Economica Quitumbe 3","Quitumbe","P038","Vitamina C Plus","Respiratorios","44","21","17,6","Normal","LOT-3559","2029-04-18"
"INV00036","F003","Farmacia Economica Quitumbe 3","Quitumbe","P014","Aspirina 100mg","Analgesicos","4","20","1,6","Bajo","LOT-8314","2028-12-29"
"INV00037","F003","Farmacia Economica Quitumbe 3","Quitumbe","P043","Omeprazol Forte","Analgesicos","2","24","0,8","Critico","LOT-2535","2029-06-14"
"INV00038","F003","Farmacia Economica Quitumbe 3","Quitumbe","P049","Ibuprofeno 100mg","Cardiovasculares","33","29","13,2","Normal","LOT-9667","2027-11-08"
"INV00039","F003","Farmacia Economica Quitumbe 3","Quitumbe","P124","Paracetamol 500mg","Respiratorios","39","25","15,6","Normal","LOT-2542","2027-06-23"
"INV00040","F003","Farmacia Economica Quitumbe 3","Quitumbe","P084","Ibuprofeno 50mg","Cardiovasculares","29","26","11,6","Normal","LOT-7015","2028-05-08"
"INV00041","F003","Farmacia Economica Quitumbe 3","Quitumbe","P120","Aspirina Forte","Analgesicos","28","25","11,2","Normal","LOT-5802","2028-03-05"
"INV00042","F003","Farmacia Economica Quitumbe 3","Quitumbe","P001","Losartan 100mg","Respiratorios","4","24","1,6","Bajo","LOT-8865","2029-05-25"
"INV00043","F003","Farmacia Economica Quitumbe 3","Quitumbe","P116","Ibuprofeno Forte","Respiratorios","72","25","28,8","Excedente","LOT-1042","2027-05-05"
"INV00044","F003","Farmacia Economica Quitumbe 3","Quitumbe","P060","Omeprazol Forte","Analgesicos","50","25","20","Excedente","LOT-3228","2029-03-29"
"INV00045","F003","Farmacia Economica Quitumbe 3","Quitumbe","P075","Paracetamol 50mg","Analgesicos","8","25","3,2","Bajo","LOT-9921","2028-04-13"
"INV00046","F004","Farmacia Economica Norte 4","Norte","P011","Aspirina Forte","Analgesicos","72","18","28,8","Excedente","LOT-2174","2029-07-06"
"INV00047","F004","Farmacia Economica Norte 4","Norte","P049","Ibuprofeno 100mg","Cardiovasculares","3","23","1,2","Critico","LOT-9605","2027-11-08"
"INV00048","F004","Farmacia Economica Norte 4","Norte","P051","Ibuprofeno 500mg","Respiratorios","45","29","18","Normal","LOT-3002","2029-01-17"
"INV00049","F004","Farmacia Economica Norte 4","Norte","P108","Amoxicilina Forte","Cardiovasculares","24","16","9,6","Normal","LOT-5866","2029-08-01"
"INV00050","F004","Farmacia Economica Norte 4","Norte","P101","Loratadina 100mg","Analgesicos","31","22","12,4","Normal","LOT-4458","2028-05-11"
"INV00051","F004","Farmacia Economica Norte 4","Norte","P133","Losartan 100mg","Respiratorios","32","19","12,8","Normal","LOT-8523","2028-01-03"
"INV00052","F004","Farmacia Economica Norte 4","Norte","P091","Ibuprofeno 100mg","Analgesicos","17","23","6,8","Normal","LOT-5335","2027-05-07"
"INV00053","F004","Farmacia Economica Norte 4","Norte","P119","Amoxicilina 50mg","Analgesicos","5","16","2","Bajo","LOT-4869","2028-07-21"
"INV00054","F004","Farmacia Economica Norte 4","Norte","P020","Amoxicilina Plus","Analgesicos","42","25","16,8","Normal","LOT-5630","2029-05-16"
"INV00055","F004","Farmacia Economica Norte 4","Norte","P001","Losartan 100mg","Respiratorios","41","21","16,4","Normal","LOT-5561","2029-05-25"
"INV00056","F004","Farmacia Economica Norte 4","Norte","P029","Aspirina 500mg","Analgesicos","31","28","12,4","Normal","LOT-5944","2028-10-12"
"INV00057","F004","Farmacia Economica Norte 4","Norte","P116","Ibuprofeno Forte","Respiratorios","39","25","15,6","Normal","LOT-4687","2027-05-05"
"INV00058","F004","Farmacia Economica Norte 4","Norte","P118","Losartan Plus","Respiratorios","19","24","7,6","Normal","LOT-7797","2027-08-27"
"INV00059","F004","Farmacia Economica Norte 4","Norte","P022","Paracetamol Forte","Respiratorios","22","24","8,8","Normal","LOT-7691","2027-09-04"
"INV00060","F004","Farmacia Economica Norte 4","Norte","P090","Vitamina C Forte","Analgesicos","0","20","0","Agotado","LOT-6475","2029-06-18"
"INV00061","F005","Farmacia Economica Quitumbe 5","Quitumbe","P135","Amoxicilina Plus","Respiratorios","40","23","16","Normal","LOT-2548","2028-11-26"
"INV00062","F005","Farmacia Economica Quitumbe 5","Quitumbe","P141","Paracetamol 50mg","Respiratorios","17","29","6,8","Normal","LOT-8482","2029-08-05"
"INV00063","F005","Farmacia Economica Quitumbe 5","Quitumbe","P021","Amoxicilina 500mg","Cardiovasculares","17","16","6,8","Normal","LOT-5568","2028-02-09"
"INV00064","F005","Farmacia Economica Quitumbe 5","Quitumbe","P148","Losartan Plus","Cardiovasculares","9","24","3,6","Bajo","LOT-7617","2029-06-24"
"INV00065","F005","Farmacia Economica Quitumbe 5","Quitumbe","P075","Paracetamol 50mg","Analgesicos","28","15","11,2","Normal","LOT-3449","2028-04-13"
"INV00066","F005","Farmacia Economica Quitumbe 5","Quitumbe","P004","Aspirina 50mg","Respiratorios","37","25","14,8","Normal","LOT-6636","2028-12-05"
"INV00067","F005","Farmacia Economica Quitumbe 5","Quitumbe","P116","Ibuprofeno Forte","Respiratorios","21","16","8,4","Normal","LOT-9740","2027-05-05"
"INV00068","F005","Farmacia Economica Quitumbe 5","Quitumbe","P092","Vitamina C Forte","Respiratorios","1","15","0,4","Critico","LOT-5812","2028-09-17"
"INV00069","F005","Farmacia Economica Quitumbe 5","Quitumbe","P142","Losartan 50mg","Cardiovasculares","29","19","11,6","Normal","LOT-3549","2028-12-20"
"INV00070","F005","Farmacia Economica Quitumbe 5","Quitumbe","P053","Vitamina C 500mg","Cardiovasculares","68","16","27,2","Excedente","LOT-6995","2029-03-17"
"INV00071","F005","Farmacia Economica Quitumbe 5","Quitumbe","P047","Omeprazol Forte","Cardiovasculares","83","25","33,2","Excedente","LOT-3771","2028-12-29"
"INV00072","F005","Farmacia Economica Quitumbe 5","Quitumbe","P081","Losartan 100mg","Respiratorios","75","26","30","Excedente","LOT-4438","2027-05-01"
"INV00073","F005","Farmacia Economica Quitumbe 5","Quitumbe","P035","Vitamina C 50mg","Cardiovasculares","79","16","31,6","Excedente","LOT-9980","2028-10-14"
"INV00074","F005","Farmacia Economica Quitumbe 5","Quitumbe","P144","Paracetamol 100mg","Respiratorios","72","21","28,8","Excedente","LOT-6770","2028-06-16"
"INV00075","F005","Farmacia Economica Quitumbe 5","Quitumbe","P059","Omeprazol 50mg","Cardiovasculares","3","23","1,2","Critico","LOT-8332","2028-09-28"
"INV00076","F006","Farmacia Economica Carapungo 6","Carapungo","P025","Omeprazol 50mg","Respiratorios","17","20","6,8","Normal","LOT-5925","2027-05-16"
"INV00077","F006","Farmacia Economica Carapungo 6","Carapungo","P139","Loratadina 500mg","Respiratorios","32","29","12,8","Normal","LOT-2808","2028-10-14"
"INV00078","F006","Farmacia Economica Carapungo 6","Carapungo","P059","Omeprazol 50mg","Cardiovasculares","38","23","15,2","Normal","LOT-1223","2028-09-28"
"INV00079","F006","Farmacia Economica Carapungo 6","Carapungo","P150","Loratadina 100mg","Analgesicos","34","21","13,6","Normal","LOT-8773","2029-09-07"
"INV00080","F006","Farmacia Economica Carapungo 6","Carapungo","P056","Vitamina C 100mg","Cardiovasculares","12","29","4,8","Bajo","LOT-7962","2028-05-06"
"INV00081","F006","Farmacia Economica Carapungo 6","Carapungo","P022","Paracetamol Forte","Respiratorios","5","26","2","Bajo","LOT-3427","2027-09-04"
"INV00082","F006","Farmacia Economica Carapungo 6","Carapungo","P043","Omeprazol Forte","Analgesicos","83","19","33,2","Excedente","LOT-2864","2029-06-14"
"INV00083","F006","Farmacia Economica Carapungo 6","Carapungo","P066","Losartan 100mg","Cardiovasculares","72","18","28,8","Excedente","LOT-5924","2028-11-30"
"INV00084","F006","Farmacia Economica Carapungo 6","Carapungo","P115","Vitamina C 500mg","Analgesicos","19","16","7,6","Normal","LOT-3739","2028-02-03"
"INV00085","F006","Farmacia Economica Carapungo 6","Carapungo","P017","Vitamina C 100mg","Analgesicos","12","28","4,8","Bajo","LOT-7346","2028-12-07"
"INV00086","F006","Farmacia Economica Carapungo 6","Carapungo","P053","Vitamina C 500mg","Cardiovasculares","35","19","14","Normal","LOT-7064","2029-03-17"
"INV00087","F006","Farmacia Economica Carapungo 6","Carapungo","P101","Loratadina 100mg","Analgesicos","25","18","10","Normal","LOT-2097","2028-05-11"
"INV00088","F006","Farmacia Economica Carapungo 6","Carapungo","P026","Amoxicilina 500mg","Respiratorios","25","25","10","Normal","LOT-4641","2029-04-07"
"INV00089","F006","Farmacia Economica Carapungo 6","Carapungo","P122","Loratadina Plus","Respiratorios","1","20","0,4","Critico","LOT-8729","2027-08-23"
"INV00090","F006","Farmacia Economica Carapungo 6","Carapungo","P078","Losartan 500mg","Respiratorios","12","28","4,8","Bajo","LOT-6317","2029-03-08"
"INV00091","F007","Farmacia Economica Quitumbe 7","Quitumbe","P066","Losartan 100mg","Cardiovasculares","34","20","13,6","Normal","LOT-8759","2028-11-30"
"INV00092","F007","Farmacia Economica Quitumbe 7","Quitumbe","P047","Omeprazol Forte","Cardiovasculares","97","21","38,8","Excedente","LOT-4142","2028-12-29"
"INV00093","F007","Farmacia Economica Quitumbe 7","Quitumbe","P048","Paracetamol 500mg","Analgesicos","74","18","29,6","Excedente","LOT-4639","2029-02-06"
"INV00094","F007","Farmacia Economica Quitumbe 7","Quitumbe","P018","Amoxicilina Forte","Respiratorios","3","19","1,2","Critico","LOT-1545","2027-11-30"
"INV00095","F007","Farmacia Economica Quitumbe 7","Quitumbe","P004","Aspirina 50mg","Respiratorios","36","18","14,4","Normal","LOT-9624","2028-12-05"
"INV00096","F007","Farmacia Economica Quitumbe 7","Quitumbe","P070","Aspirina 50mg","Respiratorios","37","24","14,8","Normal","LOT-9168","2027-05-03"
"INV00097","F007","Farmacia Economica Quitumbe 7","Quitumbe","P092","Vitamina C Forte","Respiratorios","25","17","10","Normal","LOT-9303","2028-09-17"
"INV00098","F007","Farmacia Economica Quitumbe 7","Quitumbe","P145","Amoxicilina Forte","Cardiovasculares","35","25","14","Normal","LOT-4949","2028-07-14"
"INV00099","F007","Farmacia Economica Quitumbe 7","Quitumbe","P078","Losartan 500mg","Respiratorios","70","17","28","Excedente","LOT-4263","2029-03-08"
"INV00100","F007","Farmacia Economica Quitumbe 7","Quitumbe","P148","Losartan Plus","Cardiovasculares","0","28","0","Agotado","LOT-1349","2029-06-24"
"INV00101","F007","Farmacia Economica Quitumbe 7","Quitumbe","P097","Vitamina C 500mg","Analgesicos","29","24","11,6","Normal","LOT-3888","2028-06-22"
"INV00102","F007","Farmacia Economica Quitumbe 7","Quitumbe","P132","Amoxicilina 100mg","Respiratorios","86","21","34,4","Excedente","LOT-7126","2029-09-29"
"INV00103","F007","Farmacia Economica Quitumbe 7","Quitumbe","P143","Aspirina 500mg","Analgesicos","12","26","4,8","Bajo","LOT-9028","2027-09-03"
"INV00104","F007","Farmacia Economica Quitumbe 7","Quitumbe","P096","Losartan 50mg","Analgesicos","69","17","27,6","Excedente","LOT-4626","2028-02-17"
"INV00105","F007","Farmacia Economica Quitumbe 7","Quitumbe","P020","Amoxicilina Plus","Analgesicos","11","15","4,4","Bajo","LOT-5682","2029-05-16"
"INV00106","F008","Farmacia Economica Cumbaya 8","Cumbaya","P014","Aspirina 100mg","Analgesicos","88","29","35,2","Excedente","LOT-9941","2028-12-29"
"INV00107","F008","Farmacia Economica Cumbaya 8","Cumbaya","P020","Amoxicilina Plus","Analgesicos","30","27","12","Normal","LOT-9469","2029-05-16"
"INV00108","F008","Farmacia Economica Cumbaya 8","Cumbaya","P101","Loratadina 100mg","Analgesicos","10","24","4","Bajo","LOT-2015","2028-05-11"
"INV00109","F008","Farmacia Economica Cumbaya 8","Cumbaya","P075","Paracetamol 50mg","Analgesicos","35","21","14","Normal","LOT-9123","2028-04-13"
"INV00110","F008","Farmacia Economica Cumbaya 8","Cumbaya","P122","Loratadina Plus","Respiratorios","13","20","5,2","Bajo","LOT-5801","2027-08-23"
"INV00111","F008","Farmacia Economica Cumbaya 8","Cumbaya","P059","Omeprazol 50mg","Cardiovasculares","79","29","31,6","Excedente","LOT-2701","2028-09-28"
"INV00112","F008","Farmacia Economica Cumbaya 8","Cumbaya","P132","Amoxicilina 100mg","Respiratorios","45","20","18","Normal","LOT-4040","2029-09-29"
"INV00113","F008","Farmacia Economica Cumbaya 8","Cumbaya","P072","Loratadina Forte","Cardiovasculares","79","15","31,6","Excedente","LOT-9024","2029-01-01"
"INV00114","F008","Farmacia Economica Cumbaya 8","Cumbaya","P049","Ibuprofeno 100mg","Cardiovasculares","2","17","0,8","Critico","LOT-6244","2027-11-08"
"INV00115","F008","Farmacia Economica Cumbaya 8","Cumbaya","P115","Vitamina C 500mg","Analgesicos","20","17","8","Normal","LOT-4652","2028-02-03"
"INV00116","F008","Farmacia Economica Cumbaya 8","Cumbaya","P090","Vitamina C Forte","Analgesicos","16","23","6,4","Normal","LOT-1343","2029-06-18"
"INV00117","F008","Farmacia Economica Cumbaya 8","Cumbaya","P150","Loratadina 100mg","Analgesicos","71","20","28,4","Excedente","LOT-3618","2029-09-07"
"INV00118","F008","Farmacia Economica Cumbaya 8","Cumbaya","P108","Amoxicilina Forte","Cardiovasculares","13","17","5,2","Bajo","LOT-4224","2029-08-01"
"INV00119","F008","Farmacia Economica Cumbaya 8","Cumbaya","P022","Paracetamol Forte","Respiratorios","7","21","2,8","Bajo","LOT-6596","2027-09-04"
"INV00120","F008","Farmacia Economica Cumbaya 8","Cumbaya","P136","Amoxicilina Forte","Cardiovasculares","25","16","10","Normal","LOT-8352","2029-04-25"
"INV00121","F009","Farmacia Economica Norte 9","Norte","P101","Loratadina 100mg","Analgesicos","42","20","16,8","Normal","LOT-5967","2028-05-11"
"INV00122","F009","Farmacia Economica Norte 9","Norte","P049","Ibuprofeno 100mg","Cardiovasculares","23","28","9,2","Normal","LOT-3669","2027-11-08"
"INV00123","F009","Farmacia Economica Norte 9","Norte","P096","Losartan 50mg","Analgesicos","45","21","18","Normal","LOT-2799","2028-02-17"
"INV00124","F009","Farmacia Economica Norte 9","Norte","P133","Losartan 100mg","Respiratorios","10","17","4","Bajo","LOT-4453","2028-01-03"
"INV00125","F009","Farmacia Economica Norte 9","Norte","P148","Losartan Plus","Cardiovasculares","65","16","26","Excedente","LOT-4738","2029-06-24"
"INV00126","F009","Farmacia Economica Norte 9","Norte","P091","Ibuprofeno 100mg","Analgesicos","41","26","16,4","Normal","LOT-2460","2027-05-07"
"INV00127","F009","Farmacia Economica Norte 9","Norte","P127","Paracetamol 500mg","Analgesicos","7","24","2,8","Bajo","LOT-7255","2027-06-01"
"INV00128","F009","Farmacia Economica Norte 9","Norte","P132","Amoxicilina 100mg","Respiratorios","6","29","2,4","Bajo","LOT-2918","2029-09-29"
"INV00129","F009","Farmacia Economica Norte 9","Norte","P084","Ibuprofeno 50mg","Cardiovasculares","8","28","3,2","Bajo","LOT-7576","2028-05-08"
"INV00130","F009","Farmacia Economica Norte 9","Norte","P009","Vitamina C Plus","Cardiovasculares","31","16","12,4","Normal","LOT-4986","2029-06-04"
"INV00131","F009","Farmacia Economica Norte 9","Norte","P115","Vitamina C 500mg","Analgesicos","23","28","9,2","Normal","LOT-4040","2028-02-03"
"INV00132","F009","Farmacia Economica Norte 9","Norte","P085","Loratadina Plus","Cardiovasculares","2","27","0,8","Critico","LOT-4121","2029-04-22"
"INV00133","F009","Farmacia Economica Norte 9","Norte","P118","Losartan Plus","Respiratorios","99","17","39,6","Excedente","LOT-4860","2027-08-27"
"INV00134","F009","Farmacia Economica Norte 9","Norte","P026","Amoxicilina 500mg","Respiratorios","23","16","9,2","Normal","LOT-2887","2029-04-07"
"INV00135","F009","Farmacia Economica Norte 9","Norte","P150","Loratadina 100mg","Analgesicos","92","22","36,8","Excedente","LOT-8700","2029-09-07"
"INV00136","F010","Farmacia Economica Valles 10","Valles","P090","Vitamina C Forte","Analgesicos","36","21","14,4","Normal","LOT-6678","2029-06-18"
"INV00137","F010","Farmacia Economica Valles 10","Valles","P047","Omeprazol Forte","Cardiovasculares","30","18","12","Normal","LOT-7281","2028-12-29"
"INV00138","F010","Farmacia Economica Valles 10","Valles","P118","Losartan Plus","Respiratorios","58","25","23,2","Excedente","LOT-9795","2027-08-27"
"INV00139","F010","Farmacia Economica Valles 10","Valles","P145","Amoxicilina Forte","Cardiovasculares","24","16","9,6","Normal","LOT-1245","2028-07-14"
"INV00140","F010","Farmacia Economica Valles 10","Valles","P012","Amoxicilina 500mg","Cardiovasculares","26","27","10,4","Normal","LOT-5885","2027-11-02"
"INV00141","F010","Farmacia Economica Valles 10","Valles","P043","Omeprazol Forte","Analgesicos","14","26","5,6","Bajo","LOT-5254","2029-06-14"
"INV00142","F010","Farmacia Economica Valles 10","Valles","P143","Aspirina 500mg","Analgesicos","29","24","11,6","Normal","LOT-5026","2027-09-03"
"INV00143","F010","Farmacia Economica Valles 10","Valles","P051","Ibuprofeno 500mg","Respiratorios","5","25","2","Bajo","LOT-1859","2029-01-17"
"INV00144","F010","Farmacia Economica Valles 10","Valles","P066","Losartan 100mg","Cardiovasculares","5","26","2","Bajo","LOT-5930","2028-11-30"
"INV00145","F010","Farmacia Economica Valles 10","Valles","P060","Omeprazol Forte","Analgesicos","13","15","5,2","Bajo","LOT-1728","2029-03-29"
"INV00146","F010","Farmacia Economica Valles 10","Valles","P017","Vitamina C 100mg","Analgesicos","31","26","12,4","Normal","LOT-7511","2028-12-07"
"INV00147","F010","Farmacia Economica Valles 10","Valles","P078","Losartan 500mg","Respiratorios","0","27","0","Agotado","LOT-9343","2029-03-08"
"INV00148","F010","Farmacia Economica Valles 10","Valles","P081","Losartan 100mg","Respiratorios","3","16","1,2","Critico","LOT-4568","2027-05-01"
"INV00149","F010","Farmacia Economica Valles 10","Valles","P119","Amoxicilina 50mg","Analgesicos","27","28","10,8","Normal","LOT-3623","2028-07-21"
"INV00150","F010","Farmacia Economica Valles 10","Valles","P133","Losartan 100mg","Respiratorios","44","17","17,6","Normal","LOT-1074","2028-01-03"
"INV00151","F011","Farmacia Economica Carapungo 11","Carapungo","P018","Amoxicilina Forte","Respiratorios","25","25","10","Normal","LOT-1715","2027-11-30"
"INV00152","F011","Farmacia Economica Carapungo 11","Carapungo","P072","Loratadina Forte","Cardiovasculares","14","23","5,6","Bajo","LOT-8163","2029-01-01"
"INV00153","F011","Farmacia Economica Carapungo 11","Carapungo","P122","Loratadina Plus","Respiratorios","20","15","8","Normal","LOT-3333","2027-08-23"
"INV00154","F011","Farmacia Economica Carapungo 11","Carapungo","P143","Aspirina 500mg","Analgesicos","85","22","34","Excedente","LOT-1734","2027-09-03"
"INV00155","F011","Farmacia Economica Carapungo 11","Carapungo","P029","Aspirina 500mg","Analgesicos","99","24","39,6","Excedente","LOT-5965","2028-10-12"
"INV00156","F011","Farmacia Economica Carapungo 11","Carapungo","P051","Ibuprofeno 500mg","Respiratorios","32","27","12,8","Normal","LOT-2038","2029-01-17"
"INV00157","F011","Farmacia Economica Carapungo 11","Carapungo","P101","Loratadina 100mg","Analgesicos","0","18","0","Agotado","LOT-4514","2028-05-11"
"INV00158","F011","Farmacia Economica Carapungo 11","Carapungo","P070","Aspirina 50mg","Respiratorios","95","16","38","Excedente","LOT-1211","2027-05-03"
"INV00159","F011","Farmacia Economica Carapungo 11","Carapungo","P004","Aspirina 50mg","Respiratorios","21","20","8,4","Normal","LOT-9551","2028-12-05"
"INV00160","F011","Farmacia Economica Carapungo 11","Carapungo","P034","Amoxicilina Forte","Analgesicos","42","29","16,8","Normal","LOT-2700","2028-09-20"
"INV00161","F011","Farmacia Economica Carapungo 11","Carapungo","P017","Vitamina C 100mg","Analgesicos","35","27","14","Normal","LOT-2757","2028-12-07"
"INV00162","F011","Farmacia Economica Carapungo 11","Carapungo","P147","Ibuprofeno 100mg","Cardiovasculares","29","16","11,6","Normal","LOT-3296","2028-10-05"
"INV00163","F011","Farmacia Economica Carapungo 11","Carapungo","P116","Ibuprofeno Forte","Respiratorios","25","21","10","Normal","LOT-8065","2027-05-05"
"INV00164","F011","Farmacia Economica Carapungo 11","Carapungo","P022","Paracetamol Forte","Respiratorios","13","27","5,2","Bajo","LOT-3499","2027-09-04"
"INV00165","F011","Farmacia Economica Carapungo 11","Carapungo","P031","Omeprazol Forte","Respiratorios","39","22","15,6","Normal","LOT-7870","2028-03-21"
"INV00166","F012","Farmacia Economica Valles 12","Valles","P146","Paracetamol 100mg","Respiratorios","41","28","16,4","Normal","LOT-3298","2028-02-14"
"INV00167","F012","Farmacia Economica Valles 12","Valles","P133","Losartan 100mg","Respiratorios","2","28","0,8","Critico","LOT-9780","2028-01-03"
"INV00168","F012","Farmacia Economica Valles 12","Valles","P120","Aspirina Forte","Analgesicos","38","29","15,2","Normal","LOT-1155","2028-03-05"
"INV00169","F012","Farmacia Economica Valles 12","Valles","P123","Paracetamol Plus","Analgesicos","3","18","1,2","Critico","LOT-9227","2028-02-23"
"INV00170","F012","Farmacia Economica Valles 12","Valles","P081","Losartan 100mg","Respiratorios","23","22","9,2","Normal","LOT-6118","2027-05-01"
"INV00171","F012","Farmacia Economica Valles 12","Valles","P127","Paracetamol 500mg","Analgesicos","8","21","3,2","Bajo","LOT-1130","2027-06-01"
"INV00172","F012","Farmacia Economica Valles 12","Valles","P132","Amoxicilina 100mg","Respiratorios","2","20","0,8","Critico","LOT-7337","2029-09-29"
"INV00173","F012","Farmacia Economica Valles 12","Valles","P059","Omeprazol 50mg","Cardiovasculares","37","16","14,8","Normal","LOT-8588","2028-09-28"
"INV00174","F012","Farmacia Economica Valles 12","Valles","P022","Paracetamol Forte","Respiratorios","44","20","17,6","Normal","LOT-9574","2027-09-04"
"INV00175","F012","Farmacia Economica Valles 12","Valles","P147","Ibuprofeno 100mg","Cardiovasculares","8","22","3,2","Bajo","LOT-9953","2028-10-05"
"INV00176","F012","Farmacia Economica Valles 12","Valles","P001","Losartan 100mg","Respiratorios","41","27","16,4","Normal","LOT-1465","2029-05-25"
"INV00177","F012","Farmacia Economica Valles 12","Valles","P141","Paracetamol 50mg","Respiratorios","5","24","2","Bajo","LOT-1624","2029-08-05"
"INV00178","F012","Farmacia Economica Valles 12","Valles","P034","Amoxicilina Forte","Analgesicos","75","16","30","Excedente","LOT-8381","2028-09-20"
"INV00179","F012","Farmacia Economica Valles 12","Valles","P004","Aspirina 50mg","Respiratorios","19","22","7,6","Normal","LOT-3710","2028-12-05"
"INV00180","F012","Farmacia Economica Valles 12","Valles","P061","Vitamina C 500mg","Respiratorios","3","18","1,2","Critico","LOT-6312","2027-11-08"
"INV00181","F013","Farmacia Economica Quitumbe 13","Quitumbe","P060","Omeprazol Forte","Analgesicos","0","20","0","Agotado","LOT-6542","2029-03-29"
"INV00182","F013","Farmacia Economica Quitumbe 13","Quitumbe","P025","Omeprazol 50mg","Respiratorios","28","20","11,2","Normal","LOT-5631","2027-05-16"
"INV00183","F013","Farmacia Economica Quitumbe 13","Quitumbe","P122","Loratadina Plus","Respiratorios","28","27","11,2","Normal","LOT-8828","2027-08-23"
"INV00184","F013","Farmacia Economica Quitumbe 13","Quitumbe","P108","Amoxicilina Forte","Cardiovasculares","41","21","16,4","Normal","LOT-9467","2029-08-01"
"INV00185","F013","Farmacia Economica Quitumbe 13","Quitumbe","P035","Vitamina C 50mg","Cardiovasculares","20","19","8","Normal","LOT-3464","2028-10-14"
"INV00186","F013","Farmacia Economica Quitumbe 13","Quitumbe","P147","Ibuprofeno 100mg","Cardiovasculares","53","25","21,2","Excedente","LOT-2514","2028-10-05"
"INV00187","F013","Farmacia Economica Quitumbe 13","Quitumbe","P061","Vitamina C 500mg","Respiratorios","45","22","18","Normal","LOT-1694","2027-11-08"
"INV00188","F013","Farmacia Economica Quitumbe 13","Quitumbe","P091","Ibuprofeno 100mg","Analgesicos","8","21","3,2","Bajo","LOT-1665","2027-05-07"
"INV00189","F013","Farmacia Economica Quitumbe 13","Quitumbe","P084","Ibuprofeno 50mg","Cardiovasculares","16","29","6,4","Normal","LOT-4889","2028-05-08"
"INV00190","F013","Farmacia Economica Quitumbe 13","Quitumbe","P146","Paracetamol 100mg","Respiratorios","3","25","1,2","Critico","LOT-9136","2028-02-14"
"INV00191","F013","Farmacia Economica Quitumbe 13","Quitumbe","P132","Amoxicilina 100mg","Respiratorios","76","17","30,4","Excedente","LOT-3586","2029-09-29"
"INV00192","F013","Farmacia Economica Quitumbe 13","Quitumbe","P127","Paracetamol 500mg","Analgesicos","28","23","11,2","Normal","LOT-1182","2027-06-01"
"INV00193","F013","Farmacia Economica Quitumbe 13","Quitumbe","P144","Paracetamol 100mg","Respiratorios","94","23","37,6","Excedente","LOT-9952","2028-06-16"
"INV00194","F013","Farmacia Economica Quitumbe 13","Quitumbe","P114","Aspirina Forte","Cardiovasculares","0","25","0","Agotado","LOT-2406","2027-07-06"
"INV00195","F013","Farmacia Economica Quitumbe 13","Quitumbe","P059","Omeprazol 50mg","Cardiovasculares","31","28","12,4","Normal","LOT-4034","2028-09-28"
"INV00196","F014","Farmacia Economica San Rafael 14","San Rafael","P148","Losartan Plus","Cardiovasculares","36","19","14,4","Normal","LOT-4435","2029-06-24"
"INV00197","F014","Farmacia Economica San Rafael 14","San Rafael","P073","Paracetamol 500mg","Respiratorios","27","24","10,8","Normal","LOT-9275","2029-10-04"
"INV00198","F014","Farmacia Economica San Rafael 14","San Rafael","P049","Ibuprofeno 100mg","Cardiovasculares","29","22","11,6","Normal","LOT-8181","2027-11-08"
"INV00199","F014","Farmacia Economica San Rafael 14","San Rafael","P122","Loratadina Plus","Respiratorios","31","21","12,4","Normal","LOT-8772","2027-08-23"
"INV00200","F014","Farmacia Economica San Rafael 14","San Rafael","P106","Paracetamol 500mg","Respiratorios","14","27","5,6","Bajo","LOT-6689","2029-03-17"
"INV00201","F014","Farmacia Economica San Rafael 14","San Rafael","P132","Amoxicilina 100mg","Respiratorios","10","29","4","Bajo","LOT-3224","2029-09-29"
"INV00202","F014","Farmacia Economica San Rafael 14","San Rafael","P090","Vitamina C Forte","Analgesicos","5","20","2","Bajo","LOT-5237","2029-06-18"
"INV00203","F014","Farmacia Economica San Rafael 14","San Rafael","P017","Vitamina C 100mg","Analgesicos","25","16","10","Normal","LOT-7754","2028-12-07"
"INV00204","F014","Farmacia Economica San Rafael 14","San Rafael","P142","Losartan 50mg","Cardiovasculares","4","28","1,6","Bajo","LOT-8781","2028-12-20"
"INV00205","F014","Farmacia Economica San Rafael 14","San Rafael","P098","Aspirina 100mg","Cardiovasculares","33","16","13,2","Normal","LOT-9985","2029-05-24"
"INV00206","F014","Farmacia Economica San Rafael 14","San Rafael","P141","Paracetamol 50mg","Respiratorios","41","16","16,4","Normal","LOT-9523","2029-08-05"
"INV00207","F014","Farmacia Economica San Rafael 14","San Rafael","P077","Ibuprofeno 50mg","Analgesicos","1","24","0,4","Critico","LOT-3548","2028-10-12"
"INV00208","F014","Farmacia Economica San Rafael 14","San Rafael","P143","Aspirina 500mg","Analgesicos","0","21","0","Agotado","LOT-3089","2027-09-03"
"INV00209","F014","Farmacia Economica San Rafael 14","San Rafael","P086","Losartan Forte","Respiratorios","10","23","4","Bajo","LOT-5694","2029-02-01"
"INV00210","F014","Farmacia Economica San Rafael 14","San Rafael","P129","Aspirina 50mg","Cardiovasculares","3","24","1,2","Critico","LOT-1966","2029-05-12"
"INV00211","F015","Farmacia Economica Centro 15","Centro","P145","Amoxicilina Forte","Cardiovasculares","6","18","2,4","Bajo","LOT-6767","2028-07-14"
"INV00212","F015","Farmacia Economica Centro 15","Centro","P036","Ibuprofeno 100mg","Analgesicos","35","29","14","Normal","LOT-6186","2028-12-27"
"INV00213","F015","Farmacia Economica Centro 15","Centro","P061","Vitamina C 500mg","Respiratorios","2","16","0,8","Critico","LOT-1887","2027-11-08"
"INV00214","F015","Farmacia Economica Centro 15","Centro","P096","Losartan 50mg","Analgesicos","19","16","7,6","Normal","LOT-6916","2028-02-17"
"INV00215","F015","Farmacia Economica Centro 15","Centro","P146","Paracetamol 100mg","Respiratorios","3","23","1,2","Critico","LOT-8671","2028-02-14"
"INV00216","F015","Farmacia Economica Centro 15","Centro","P124","Paracetamol 500mg","Respiratorios","35","24","14","Normal","LOT-2549","2027-06-23"
"INV00217","F015","Farmacia Economica Centro 15","Centro","P027","Paracetamol 500mg","Respiratorios","6","16","2,4","Bajo","LOT-9276","2028-07-05"
"INV00218","F015","Farmacia Economica Centro 15","Centro","P072","Loratadina Forte","Cardiovasculares","3","23","1,2","Critico","LOT-1687","2029-01-01"
"INV00219","F015","Farmacia Economica Centro 15","Centro","P073","Paracetamol 500mg","Respiratorios","2","22","0,8","Critico","LOT-9432","2029-10-04"
"INV00220","F015","Farmacia Economica Centro 15","Centro","P075","Paracetamol 50mg","Analgesicos","44","17","17,6","Normal","LOT-2804","2028-04-13"
"INV00221","F015","Farmacia Economica Centro 15","Centro","P060","Omeprazol Forte","Analgesicos","18","21","7,2","Normal","LOT-8143","2029-03-29"
"INV00222","F015","Farmacia Economica Centro 15","Centro","P047","Omeprazol Forte","Cardiovasculares","25","29","10","Normal","LOT-7983","2028-12-29"
"INV00223","F015","Farmacia Economica Centro 15","Centro","P101","Loratadina 100mg","Analgesicos","10","18","4","Bajo","LOT-1882","2028-05-11"
"INV00224","F015","Farmacia Economica Centro 15","Centro","P127","Paracetamol 500mg","Analgesicos","30","16","12","Normal","LOT-1280","2027-06-01"
"INV00225","F015","Farmacia Economica Centro 15","Centro","P092","Vitamina C Forte","Respiratorios","0","17","0","Agotado","LOT-4930","2028-09-17"
"INV00226","F016","Farmacia Economica San Rafael 16","San Rafael","P141","Paracetamol 50mg","Respiratorios","36","23","14,4","Normal","LOT-4544","2029-08-05"
"INV00227","F016","Farmacia Economica San Rafael 16","San Rafael","P133","Losartan 100mg","Respiratorios","28","26","11,2","Normal","LOT-3610","2028-01-03"
"INV00228","F016","Farmacia Economica San Rafael 16","San Rafael","P132","Amoxicilina 100mg","Respiratorios","33","17","13,2","Normal","LOT-1297","2029-09-29"
"INV00229","F016","Farmacia Economica San Rafael 16","San Rafael","P135","Amoxicilina Plus","Respiratorios","24","22","9,6","Normal","LOT-1683","2028-11-26"
"INV00230","F016","Farmacia Economica San Rafael 16","San Rafael","P056","Vitamina C 100mg","Cardiovasculares","25","27","10","Normal","LOT-2676","2028-05-06"
"INV00231","F016","Farmacia Economica San Rafael 16","San Rafael","P119","Amoxicilina 50mg","Analgesicos","52","18","20,8","Excedente","LOT-8112","2028-07-21"
"INV00232","F016","Farmacia Economica San Rafael 16","San Rafael","P147","Ibuprofeno 100mg","Cardiovasculares","13","25","5,2","Bajo","LOT-6978","2028-10-05"
"INV00233","F016","Farmacia Economica San Rafael 16","San Rafael","P059","Omeprazol 50mg","Cardiovasculares","8","27","3,2","Bajo","LOT-8522","2028-09-28"
"INV00234","F016","Farmacia Economica San Rafael 16","San Rafael","P060","Omeprazol Forte","Analgesicos","7","23","2,8","Bajo","LOT-8406","2029-03-29"
"INV00235","F016","Farmacia Economica San Rafael 16","San Rafael","P051","Ibuprofeno 500mg","Respiratorios","13","27","5,2","Bajo","LOT-9196","2029-01-17"
"INV00236","F016","Farmacia Economica San Rafael 16","San Rafael","P118","Losartan Plus","Respiratorios","32","16","12,8","Normal","LOT-3230","2027-08-27"
"INV00237","F016","Farmacia Economica San Rafael 16","San Rafael","P084","Ibuprofeno 50mg","Cardiovasculares","0","22","0","Agotado","LOT-6569","2028-05-08"
"INV00238","F016","Farmacia Economica San Rafael 16","San Rafael","P019","Paracetamol 100mg","Respiratorios","0","24","0","Agotado","LOT-6093","2027-04-09"
"INV00239","F016","Farmacia Economica San Rafael 16","San Rafael","P009","Vitamina C Plus","Cardiovasculares","4","23","1,6","Bajo","LOT-5010","2029-06-04"
"INV00240","F016","Farmacia Economica San Rafael 16","San Rafael","P011","Aspirina Forte","Analgesicos","2","25","0,8","Critico","LOT-7369","2029-07-06"
"INV00241","F017","Farmacia Economica Quitumbe 17","Quitumbe","P013","Omeprazol Plus","Respiratorios","44","15","17,6","Normal","LOT-5347","2027-11-16"
"INV00242","F017","Farmacia Economica Quitumbe 17","Quitumbe","P007","Ibuprofeno 50mg","Cardiovasculares","61","26","24,4","Excedente","LOT-8060","2028-01-13"
"INV00243","F017","Farmacia Economica Quitumbe 17","Quitumbe","P096","Losartan 50mg","Analgesicos","16","24","6,4","Normal","LOT-1109","2028-02-17"
"INV00244","F017","Farmacia Economica Quitumbe 17","Quitumbe","P061","Vitamina C 500mg","Respiratorios","87","16","34,8","Excedente","LOT-6055","2027-11-08"
"INV00245","F017","Farmacia Economica Quitumbe 17","Quitumbe","P147","Ibuprofeno 100mg","Cardiovasculares","1","27","0,4","Critico","LOT-6789","2028-10-05"
"INV00246","F017","Farmacia Economica Quitumbe 17","Quitumbe","P097","Vitamina C 500mg","Analgesicos","5","24","2","Bajo","LOT-9658","2028-06-22"
"INV00247","F017","Farmacia Economica Quitumbe 17","Quitumbe","P031","Omeprazol Forte","Respiratorios","17","24","6,8","Normal","LOT-1017","2028-03-21"
"INV00248","F017","Farmacia Economica Quitumbe 17","Quitumbe","P124","Paracetamol 500mg","Respiratorios","22","29","8,8","Normal","LOT-1925","2027-06-23"
"INV00249","F017","Farmacia Economica Quitumbe 17","Quitumbe","P036","Ibuprofeno 100mg","Analgesicos","51","16","20,4","Excedente","LOT-3569","2028-12-27"
"INV00250","F017","Farmacia Economica Quitumbe 17","Quitumbe","P035","Vitamina C 50mg","Cardiovasculares","25","23","10","Normal","LOT-1826","2028-10-14"
"INV00251","F017","Farmacia Economica Quitumbe 17","Quitumbe","P058","Aspirina Plus","Analgesicos","23","24","9,2","Normal","LOT-4499","2027-06-06"
"INV00252","F017","Farmacia Economica Quitumbe 17","Quitumbe","P053","Vitamina C 500mg","Cardiovasculares","4","22","1,6","Bajo","LOT-8628","2029-03-17"
"INV00253","F017","Farmacia Economica Quitumbe 17","Quitumbe","P136","Amoxicilina Forte","Cardiovasculares","0","27","0","Agotado","LOT-4823","2029-04-25"
"INV00254","F017","Farmacia Economica Quitumbe 17","Quitumbe","P021","Amoxicilina 500mg","Cardiovasculares","14","23","5,6","Bajo","LOT-4158","2028-02-09"
"INV00255","F017","Farmacia Economica Quitumbe 17","Quitumbe","P020","Amoxicilina Plus","Analgesicos","8","22","3,2","Bajo","LOT-5650","2029-05-16"
"INV00256","F018","Farmacia Economica Carapungo 18","Carapungo","P123","Paracetamol Plus","Analgesicos","8","17","3,2","Bajo","LOT-5728","2028-02-23"
"INV00257","F018","Farmacia Economica Carapungo 18","Carapungo","P085","Loratadina Plus","Cardiovasculares","6","21","2,4","Bajo","LOT-1717","2029-04-22"
"INV00258","F018","Farmacia Economica Carapungo 18","Carapungo","P114","Aspirina Forte","Cardiovasculares","40","20","16","Normal","LOT-7767","2027-07-06"
"INV00259","F018","Farmacia Economica Carapungo 18","Carapungo","P013","Omeprazol Plus","Respiratorios","2","16","0,8","Critico","LOT-4005","2027-11-16"
"INV00260","F018","Farmacia Economica Carapungo 18","Carapungo","P029","Aspirina 500mg","Analgesicos","0","20","0","Agotado","LOT-5817","2028-10-12"
"INV00261","F018","Farmacia Economica Carapungo 18","Carapungo","P122","Loratadina Plus","Respiratorios","24","26","9,6","Normal","LOT-6044","2027-08-23"
"INV00262","F018","Farmacia Economica Carapungo 18","Carapungo","P036","Ibuprofeno 100mg","Analgesicos","4","18","1,6","Bajo","LOT-9451","2028-12-27"
"INV00263","F018","Farmacia Economica Carapungo 18","Carapungo","P009","Vitamina C Plus","Cardiovasculares","8","23","3,2","Bajo","LOT-1568","2029-06-04"
"INV00264","F018","Farmacia Economica Carapungo 18","Carapungo","P038","Vitamina C Plus","Respiratorios","40","24","16","Normal","LOT-2996","2029-04-18"
"INV00265","F018","Farmacia Economica Carapungo 18","Carapungo","P084","Ibuprofeno 50mg","Cardiovasculares","78","15","31,2","Excedente","LOT-4969","2028-05-08"
"INV00266","F018","Farmacia Economica Carapungo 18","Carapungo","P142","Losartan 50mg","Cardiovasculares","1","19","0,4","Critico","LOT-2946","2028-12-20"
"INV00267","F018","Farmacia Economica Carapungo 18","Carapungo","P139","Loratadina 500mg","Respiratorios","82","26","32,8","Excedente","LOT-4074","2028-10-14"
"INV00268","F018","Farmacia Economica Carapungo 18","Carapungo","P124","Paracetamol 500mg","Respiratorios","1","23","0,4","Critico","LOT-5256","2027-06-23"
"INV00269","F018","Farmacia Economica Carapungo 18","Carapungo","P118","Losartan Plus","Respiratorios","35","26","14","Normal","LOT-7764","2027-08-27"
"INV00270","F018","Farmacia Economica Carapungo 18","Carapungo","P144","Paracetamol 100mg","Respiratorios","40","28","16","Normal","LOT-5081","2028-06-16"
"INV00271","F019","Farmacia Economica Norte 19","Norte","P020","Amoxicilina Plus","Analgesicos","70","28","28","Excedente","LOT-4296","2029-05-16"
"INV00272","F019","Farmacia Economica Norte 19","Norte","P013","Omeprazol Plus","Respiratorios","5","22","2","Bajo","LOT-4442","2027-11-16"
"INV00273","F019","Farmacia Economica Norte 19","Norte","P142","Losartan 50mg","Cardiovasculares","28","29","11,2","Normal","LOT-9529","2028-12-20"
"INV00274","F019","Farmacia Economica Norte 19","Norte","P007","Ibuprofeno 50mg","Cardiovasculares","28","27","11,2","Normal","LOT-3201","2028-01-13"
"INV00275","F019","Farmacia Economica Norte 19","Norte","P047","Omeprazol Forte","Cardiovasculares","94","23","37,6","Excedente","LOT-6244","2028-12-29"
"INV00276","F019","Farmacia Economica Norte 19","Norte","P136","Amoxicilina Forte","Cardiovasculares","19","17","7,6","Normal","LOT-5219","2029-04-25"
"INV00277","F019","Farmacia Economica Norte 19","Norte","P001","Losartan 100mg","Respiratorios","2","21","0,8","Critico","LOT-6655","2029-05-25"
"INV00278","F019","Farmacia Economica Norte 19","Norte","P110","Loratadina 100mg","Analgesicos","42","28","16,8","Normal","LOT-6425","2029-04-06"
"INV00279","F019","Farmacia Economica Norte 19","Norte","P120","Aspirina Forte","Analgesicos","3","16","1,2","Critico","LOT-9878","2028-03-05"
"INV00280","F019","Farmacia Economica Norte 19","Norte","P141","Paracetamol 50mg","Respiratorios","98","20","39,2","Excedente","LOT-3739","2029-08-05"
"INV00281","F019","Farmacia Economica Norte 19","Norte","P081","Losartan 100mg","Respiratorios","73","20","29,2","Excedente","LOT-9815","2027-05-01"
"INV00282","F019","Farmacia Economica Norte 19","Norte","P071","Paracetamol Plus","Respiratorios","29","20","11,6","Normal","LOT-8579","2029-09-06"
"INV00283","F019","Farmacia Economica Norte 19","Norte","P018","Amoxicilina Forte","Respiratorios","19","23","7,6","Normal","LOT-5344","2027-11-30"
"INV00284","F019","Farmacia Economica Norte 19","Norte","P123","Paracetamol Plus","Analgesicos","18","21","7,2","Normal","LOT-3031","2028-02-23"
"INV00285","F019","Farmacia Economica Norte 19","Norte","P048","Paracetamol 500mg","Analgesicos","33","20","13,2","Normal","LOT-8132","2029-02-06"
"INV00286","F020","Farmacia Economica Centro 20","Centro","P096","Losartan 50mg","Analgesicos","42","26","16,8","Normal","LOT-4964","2028-02-17"
"INV00287","F020","Farmacia Economica Centro 20","Centro","P073","Paracetamol 500mg","Respiratorios","30","22","12","Normal","LOT-3817","2029-10-04"
"INV00288","F020","Farmacia Economica Centro 20","Centro","P142","Losartan 50mg","Cardiovasculares","18","29","7,2","Normal","LOT-3511","2028-12-20"
"INV00289","F020","Farmacia Economica Centro 20","Centro","P058","Aspirina Plus","Analgesicos","58","22","23,2","Excedente","LOT-9707","2027-06-06"
"INV00290","F020","Farmacia Economica Centro 20","Centro","P022","Paracetamol Forte","Respiratorios","3","26","1,2","Critico","LOT-3729","2027-09-04"
"INV00291","F020","Farmacia Economica Centro 20","Centro","P005","Loratadina 500mg","Cardiovasculares","1","23","0,4","Critico","LOT-4733","2028-09-29"
"INV00292","F020","Farmacia Economica Centro 20","Centro","P009","Vitamina C Plus","Cardiovasculares","12","21","4,8","Bajo","LOT-9754","2029-06-04"
"INV00293","F020","Farmacia Economica Centro 20","Centro","P101","Loratadina 100mg","Analgesicos","36","28","14,4","Normal","LOT-9476","2028-05-11"
"INV00294","F020","Farmacia Economica Centro 20","Centro","P025","Omeprazol 50mg","Respiratorios","89","25","35,6","Excedente","LOT-6829","2027-05-16"
"INV00295","F020","Farmacia Economica Centro 20","Centro","P011","Aspirina Forte","Analgesicos","41","27","16,4","Normal","LOT-8774","2029-07-06"
"INV00296","F020","Farmacia Economica Centro 20","Centro","P141","Paracetamol 50mg","Respiratorios","29","20","11,6","Normal","LOT-5212","2029-08-05"
"INV00297","F020","Farmacia Economica Centro 20","Centro","P133","Losartan 100mg","Respiratorios","18","25","7,2","Normal","LOT-1809","2028-01-03"
"INV00298","F020","Farmacia Economica Centro 20","Centro","P115","Vitamina C 500mg","Analgesicos","13","21","5,2","Bajo","LOT-8538","2028-02-03"
"INV00299","F020","Farmacia Economica Centro 20","Centro","P027","Paracetamol 500mg","Respiratorios","3","22","1,2","Critico","LOT-1641","2028-07-05"
"INV00300","F020","Farmacia Economica Centro 20","Centro","P021","Amoxicilina 500mg","Cardiovasculares","0","29","0","Agotado","LOT-7016","2028-02-09"
"INV00301","F021","Farmacia Economica Carapungo 21","Carapungo","P075","Paracetamol 50mg","Analgesicos","83","29","33,2","Excedente","LOT-3711","2028-04-13"
"INV00302","F021","Farmacia Economica Carapungo 21","Carapungo","P021","Amoxicilina 500mg","Cardiovasculares","77","24","30,8","Excedente","LOT-8311","2028-02-09"
"INV00303","F021","Farmacia Economica Carapungo 21","Carapungo","P035","Vitamina C 50mg","Cardiovasculares","7","26","2,8","Bajo","LOT-2941","2028-10-14"
"INV00304","F021","Farmacia Economica Carapungo 21","Carapungo","P034","Amoxicilina Forte","Analgesicos","44","28","17,6","Normal","LOT-2771","2028-09-20"
"INV00305","F021","Farmacia Economica Carapungo 21","Carapungo","P011","Aspirina Forte","Analgesicos","40","21","16","Normal","LOT-8265","2029-07-06"
"INV00306","F021","Farmacia Economica Carapungo 21","Carapungo","P078","Losartan 500mg","Respiratorios","17","17","6,8","Normal","LOT-9019","2029-03-08"
"INV00307","F021","Farmacia Economica Carapungo 21","Carapungo","P098","Aspirina 100mg","Cardiovasculares","10","28","4","Bajo","LOT-9081","2029-05-24"
"INV00308","F021","Farmacia Economica Carapungo 21","Carapungo","P136","Amoxicilina Forte","Cardiovasculares","28","18","11,2","Normal","LOT-9135","2029-04-25"
"INV00309","F021","Farmacia Economica Carapungo 21","Carapungo","P123","Paracetamol Plus","Analgesicos","5","22","2","Bajo","LOT-8236","2028-02-23"
"INV00310","F021","Farmacia Economica Carapungo 21","Carapungo","P115","Vitamina C 500mg","Analgesicos","84","17","33,6","Excedente","LOT-3824","2028-02-03"
"INV00311","F021","Farmacia Economica Carapungo 21","Carapungo","P029","Aspirina 500mg","Analgesicos","32","26","12,8","Normal","LOT-5274","2028-10-12"
"INV00312","F021","Farmacia Economica Carapungo 21","Carapungo","P013","Omeprazol Plus","Respiratorios","71","15","28,4","Excedente","LOT-3058","2027-11-16"
"INV00313","F021","Farmacia Economica Carapungo 21","Carapungo","P001","Losartan 100mg","Respiratorios","34","18","13,6","Normal","LOT-4567","2029-05-25"
"INV00314","F021","Farmacia Economica Carapungo 21","Carapungo","P004","Aspirina 50mg","Respiratorios","70","22","28","Excedente","LOT-4900","2028-12-05"
"INV00315","F021","Farmacia Economica Carapungo 21","Carapungo","P114","Aspirina Forte","Cardiovasculares","84","16","33,6","Excedente","LOT-8065","2027-07-06"
"INV00316","F022","Farmacia Economica San Rafael 22","San Rafael","P031","Omeprazol Forte","Respiratorios","32","20","12,8","Normal","LOT-5717","2028-03-21"
"INV00317","F022","Farmacia Economica San Rafael 22","San Rafael","P012","Amoxicilina 500mg","Cardiovasculares","78","27","31,2","Excedente","LOT-1546","2027-11-02"
"INV00318","F022","Farmacia Economica San Rafael 22","San Rafael","P115","Vitamina C 500mg","Analgesicos","1","15","0,4","Critico","LOT-2487","2028-02-03"
"INV00319","F022","Farmacia Economica San Rafael 22","San Rafael","P059","Omeprazol 50mg","Cardiovasculares","17","22","6,8","Normal","LOT-3375","2028-09-28"
"INV00320","F022","Farmacia Economica San Rafael 22","San Rafael","P090","Vitamina C Forte","Analgesicos","14","22","5,6","Bajo","LOT-8860","2029-06-18"
"INV00321","F022","Farmacia Economica San Rafael 22","San Rafael","P022","Paracetamol Forte","Respiratorios","50","16","20","Excedente","LOT-3115","2027-09-04"
"INV00322","F022","Farmacia Economica San Rafael 22","San Rafael","P020","Amoxicilina Plus","Analgesicos","45","21","18","Normal","LOT-4790","2029-05-16"
"INV00323","F022","Farmacia Economica San Rafael 22","San Rafael","P124","Paracetamol 500mg","Respiratorios","34","15","13,6","Normal","LOT-2281","2027-06-23"
"INV00324","F022","Farmacia Economica San Rafael 22","San Rafael","P144","Paracetamol 100mg","Respiratorios","0","15","0","Agotado","LOT-5707","2028-06-16"
"INV00325","F022","Farmacia Economica San Rafael 22","San Rafael","P001","Losartan 100mg","Respiratorios","23","24","9,2","Normal","LOT-1490","2029-05-25"
"INV00326","F022","Farmacia Economica San Rafael 22","San Rafael","P147","Ibuprofeno 100mg","Cardiovasculares","91","23","36,4","Excedente","LOT-4831","2028-10-05"
"INV00327","F022","Farmacia Economica San Rafael 22","San Rafael","P066","Losartan 100mg","Cardiovasculares","59","29","23,6","Excedente","LOT-3841","2028-11-30"
"INV00328","F022","Farmacia Economica San Rafael 22","San Rafael","P007","Ibuprofeno 50mg","Cardiovasculares","11","19","4,4","Bajo","LOT-7260","2028-01-13"
"INV00329","F022","Farmacia Economica San Rafael 22","San Rafael","P097","Vitamina C 500mg","Analgesicos","77","26","30,8","Excedente","LOT-8162","2028-06-22"
"INV00330","F022","Farmacia Economica San Rafael 22","San Rafael","P123","Paracetamol Plus","Analgesicos","4","19","1,6","Bajo","LOT-3711","2028-02-23"
"INV00331","F023","Farmacia Economica Centro 23","Centro","P123","Paracetamol Plus","Analgesicos","98","19","39,2","Excedente","LOT-7303","2028-02-23"
"INV00332","F023","Farmacia Economica Centro 23","Centro","P012","Amoxicilina 500mg","Cardiovasculares","13","15","5,2","Bajo","LOT-8613","2027-11-02"
"INV00333","F023","Farmacia Economica Centro 23","Centro","P148","Losartan Plus","Cardiovasculares","10","15","4","Bajo","LOT-4458","2029-06-24"
"INV00334","F023","Farmacia Economica Centro 23","Centro","P084","Ibuprofeno 50mg","Cardiovasculares","0","15","0","Agotado","LOT-8757","2028-05-08"
"INV00335","F023","Farmacia Economica Centro 23","Centro","P091","Ibuprofeno 100mg","Analgesicos","4","20","1,6","Bajo","LOT-4510","2027-05-07"
"INV00336","F023","Farmacia Economica Centro 23","Centro","P031","Omeprazol Forte","Respiratorios","22","18","8,8","Normal","LOT-5724","2028-03-21"
"INV00337","F023","Farmacia Economica Centro 23","Centro","P004","Aspirina 50mg","Respiratorios","64","20","25,6","Excedente","LOT-3958","2028-12-05"
"INV00338","F023","Farmacia Economica Centro 23","Centro","P073","Paracetamol 500mg","Respiratorios","11","19","4,4","Bajo","LOT-5544","2029-10-04"
"INV00339","F023","Farmacia Economica Centro 23","Centro","P056","Vitamina C 100mg","Cardiovasculares","98","15","39,2","Excedente","LOT-1460","2028-05-06"
"INV00340","F023","Farmacia Economica Centro 23","Centro","P120","Aspirina Forte","Analgesicos","27","24","10,8","Normal","LOT-1156","2028-03-05"
"INV00341","F023","Farmacia Economica Centro 23","Centro","P025","Omeprazol 50mg","Respiratorios","1","18","0,4","Critico","LOT-9466","2027-05-16"
"INV00342","F023","Farmacia Economica Centro 23","Centro","P078","Losartan 500mg","Respiratorios","10","19","4","Bajo","LOT-1317","2029-03-08"
"INV00343","F023","Farmacia Economica Centro 23","Centro","P115","Vitamina C 500mg","Analgesicos","33","17","13,2","Normal","LOT-9349","2028-02-03"
"INV00344","F023","Farmacia Economica Centro 23","Centro","P005","Loratadina 500mg","Cardiovasculares","59","17","23,6","Excedente","LOT-4904","2028-09-29"
"INV00345","F023","Farmacia Economica Centro 23","Centro","P124","Paracetamol 500mg","Respiratorios","5","22","2","Bajo","LOT-3069","2027-06-23"
"INV00346","F024","Farmacia Economica Centro 24","Centro","P001","Losartan 100mg","Respiratorios","3","29","1,2","Critico","LOT-2085","2029-05-25"
"INV00347","F024","Farmacia Economica Centro 24","Centro","P078","Losartan 500mg","Respiratorios","45","29","18","Normal","LOT-8750","2029-03-08"
"INV00348","F024","Farmacia Economica Centro 24","Centro","P122","Loratadina Plus","Respiratorios","41","18","16,4","Normal","LOT-8180","2027-08-23"
"INV00349","F024","Farmacia Economica Centro 24","Centro","P123","Paracetamol Plus","Analgesicos","24","15","9,6","Normal","LOT-3491","2028-02-23"
"INV00350","F024","Farmacia Economica Centro 24","Centro","P127","Paracetamol 500mg","Analgesicos","10","18","4","Bajo","LOT-7752","2027-06-01"
"INV00351","F024","Farmacia Economica Centro 24","Centro","P047","Omeprazol Forte","Cardiovasculares","91","20","36,4","Excedente","LOT-6057","2028-12-29"
"INV00352","F024","Farmacia Economica Centro 24","Centro","P077","Ibuprofeno 50mg","Analgesicos","0","22","0","Agotado","LOT-3170","2028-10-12"
"INV00353","F024","Farmacia Economica Centro 24","Centro","P116","Ibuprofeno Forte","Respiratorios","36","17","14,4","Normal","LOT-5711","2027-05-05"
"INV00354","F024","Farmacia Economica Centro 24","Centro","P148","Losartan Plus","Cardiovasculares","18","22","7,2","Normal","LOT-7199","2029-06-24"
"INV00355","F024","Farmacia Economica Centro 24","Centro","P115","Vitamina C 500mg","Analgesicos","10","26","4","Bajo","LOT-6078","2028-02-03"
"INV00356","F024","Farmacia Economica Centro 24","Centro","P145","Amoxicilina Forte","Cardiovasculares","56","27","22,4","Excedente","LOT-7425","2028-07-14"
"INV00357","F024","Farmacia Economica Centro 24","Centro","P142","Losartan 50mg","Cardiovasculares","31","18","12,4","Normal","LOT-2539","2028-12-20"
"INV00358","F024","Farmacia Economica Centro 24","Centro","P085","Loratadina Plus","Cardiovasculares","42","19","16,8","Normal","LOT-5546","2029-04-22"
"INV00359","F024","Farmacia Economica Centro 24","Centro","P017","Vitamina C 100mg","Analgesicos","37","15","14,8","Normal","LOT-8736","2028-12-07"
"INV00360","F024","Farmacia Economica Centro 24","Centro","P035","Vitamina C 50mg","Cardiovasculares","76","26","30,4","Excedente","LOT-1816","2028-10-14"
"INV00361","F025","Farmacia Economica Carapungo 25","Carapungo","P116","Ibuprofeno Forte","Respiratorios","18","28","7,2","Normal","LOT-6139","2027-05-05"
"INV00362","F025","Farmacia Economica Carapungo 25","Carapungo","P132","Amoxicilina 100mg","Respiratorios","32","28","12,8","Normal","LOT-2699","2029-09-29"
"INV00363","F025","Farmacia Economica Carapungo 25","Carapungo","P018","Amoxicilina Forte","Respiratorios","36","18","14,4","Normal","LOT-5431","2027-11-30"
"INV00364","F025","Farmacia Economica Carapungo 25","Carapungo","P026","Amoxicilina 500mg","Respiratorios","36","25","14,4","Normal","LOT-1058","2029-04-07"
"INV00365","F025","Farmacia Economica Carapungo 25","Carapungo","P043","Omeprazol Forte","Analgesicos","81","22","32,4","Excedente","LOT-3249","2029-06-14"
"INV00366","F025","Farmacia Economica Carapungo 25","Carapungo","P118","Losartan Plus","Respiratorios","22","24","8,8","Normal","LOT-7734","2027-08-27"
"INV00367","F025","Farmacia Economica Carapungo 25","Carapungo","P106","Paracetamol 500mg","Respiratorios","2","22","0,8","Critico","LOT-1509","2029-03-17"
"INV00368","F025","Farmacia Economica Carapungo 25","Carapungo","P001","Losartan 100mg","Respiratorios","2","21","0,8","Critico","LOT-1061","2029-05-25"
"INV00369","F025","Farmacia Economica Carapungo 25","Carapungo","P120","Aspirina Forte","Analgesicos","20","28","8","Normal","LOT-2058","2028-03-05"
"INV00370","F025","Farmacia Economica Carapungo 25","Carapungo","P101","Loratadina 100mg","Analgesicos","74","22","29,6","Excedente","LOT-1578","2028-05-11"
"INV00371","F025","Farmacia Economica Carapungo 25","Carapungo","P077","Ibuprofeno 50mg","Analgesicos","89","15","35,6","Excedente","LOT-4990","2028-10-12"
"INV00372","F025","Farmacia Economica Carapungo 25","Carapungo","P140","Omeprazol Plus","Respiratorios","30","20","12","Normal","LOT-1049","2027-09-12"
"INV00373","F025","Farmacia Economica Carapungo 25","Carapungo","P014","Aspirina 100mg","Analgesicos","5","24","2","Bajo","LOT-9802","2028-12-29"
"INV00374","F025","Farmacia Economica Carapungo 25","Carapungo","P051","Ibuprofeno 500mg","Respiratorios","26","29","10,4","Normal","LOT-5770","2029-01-17"
"INV00375","F025","Farmacia Economica Carapungo 25","Carapungo","P017","Vitamina C 100mg","Analgesicos","44","20","17,6","Normal","LOT-5762","2028-12-07"
"INV00376","F026","Farmacia Economica Cumbaya 26","Cumbaya","P034","Amoxicilina Forte","Analgesicos","0","15","0","Agotado","LOT-7413","2028-09-20"
"INV00377","F026","Farmacia Economica Cumbaya 26","Cumbaya","P132","Amoxicilina 100mg","Respiratorios","53","18","21,2","Excedente","LOT-4806","2029-09-29"
"INV00378","F026","Farmacia Economica Cumbaya 26","Cumbaya","P016","Losartan 500mg","Analgesicos","38","21","15,2","Normal","LOT-1490","2029-09-14"
"INV00379","F026","Farmacia Economica Cumbaya 26","Cumbaya","P048","Paracetamol 500mg","Analgesicos","11","19","4,4","Bajo","LOT-3961","2029-02-06"
"INV00380","F026","Farmacia Economica Cumbaya 26","Cumbaya","P001","Losartan 100mg","Respiratorios","26","23","10,4","Normal","LOT-1927","2029-05-25"
"INV00381","F026","Farmacia Economica Cumbaya 26","Cumbaya","P007","Ibuprofeno 50mg","Cardiovasculares","2","17","0,8","Critico","LOT-2515","2028-01-13"
"INV00382","F026","Farmacia Economica Cumbaya 26","Cumbaya","P085","Loratadina Plus","Cardiovasculares","42","28","16,8","Normal","LOT-5943","2029-04-22"
"INV00383","F026","Farmacia Economica Cumbaya 26","Cumbaya","P081","Losartan 100mg","Respiratorios","1","18","0,4","Critico","LOT-9816","2027-05-01"
"INV00384","F026","Farmacia Economica Cumbaya 26","Cumbaya","P013","Omeprazol Plus","Respiratorios","37","19","14,8","Normal","LOT-1239","2027-11-16"
"INV00385","F026","Farmacia Economica Cumbaya 26","Cumbaya","P115","Vitamina C 500mg","Analgesicos","12","22","4,8","Bajo","LOT-2117","2028-02-03"
"INV00386","F026","Farmacia Economica Cumbaya 26","Cumbaya","P123","Paracetamol Plus","Analgesicos","39","29","15,6","Normal","LOT-4541","2028-02-23"
"INV00387","F026","Farmacia Economica Cumbaya 26","Cumbaya","P108","Amoxicilina Forte","Cardiovasculares","28","23","11,2","Normal","LOT-3412","2029-08-01"
"INV00388","F026","Farmacia Economica Cumbaya 26","Cumbaya","P144","Paracetamol 100mg","Respiratorios","20","21","8","Normal","LOT-3267","2028-06-16"
"INV00389","F026","Farmacia Economica Cumbaya 26","Cumbaya","P146","Paracetamol 100mg","Respiratorios","1","29","0,4","Critico","LOT-6803","2028-02-14"
"INV00390","F026","Farmacia Economica Cumbaya 26","Cumbaya","P090","Vitamina C Forte","Analgesicos","11","18","4,4","Bajo","LOT-1786","2029-06-18"
"INV00391","F027","Farmacia Economica San Rafael 27","San Rafael","P129","Aspirina 50mg","Cardiovasculares","18","20","7,2","Normal","LOT-5945","2029-05-12"
"INV00392","F027","Farmacia Economica San Rafael 27","San Rafael","P085","Loratadina Plus","Cardiovasculares","0","15","0","Agotado","LOT-7207","2029-04-22"
"INV00393","F027","Farmacia Economica San Rafael 27","San Rafael","P118","Losartan Plus","Respiratorios","19","25","7,6","Normal","LOT-7674","2027-08-27"
"INV00394","F027","Farmacia Economica San Rafael 27","San Rafael","P092","Vitamina C Forte","Respiratorios","29","20","11,6","Normal","LOT-7347","2028-09-17"
"INV00395","F027","Farmacia Economica San Rafael 27","San Rafael","P031","Omeprazol Forte","Respiratorios","10","29","4","Bajo","LOT-5528","2028-03-21"
"INV00396","F027","Farmacia Economica San Rafael 27","San Rafael","P021","Amoxicilina 500mg","Cardiovasculares","7","20","2,8","Bajo","LOT-2531","2028-02-09"
"INV00397","F027","Farmacia Economica San Rafael 27","San Rafael","P133","Losartan 100mg","Respiratorios","42","19","16,8","Normal","LOT-8255","2028-01-03"
"INV00398","F027","Farmacia Economica San Rafael 27","San Rafael","P086","Losartan Forte","Respiratorios","35","25","14","Normal","LOT-2544","2029-02-01"
"INV00399","F027","Farmacia Economica San Rafael 27","San Rafael","P012","Amoxicilina 500mg","Cardiovasculares","31","27","12,4","Normal","LOT-4883","2027-11-02"
"INV00400","F027","Farmacia Economica San Rafael 27","San Rafael","P060","Omeprazol Forte","Analgesicos","1","17","0,4","Critico","LOT-5076","2029-03-29"
"INV00401","F027","Farmacia Economica San Rafael 27","San Rafael","P029","Aspirina 500mg","Analgesicos","28","29","11,2","Normal","LOT-2920","2028-10-12"
"INV00402","F027","Farmacia Economica San Rafael 27","San Rafael","P059","Omeprazol 50mg","Cardiovasculares","43","17","17,2","Normal","LOT-8403","2028-09-28"
"INV00403","F027","Farmacia Economica San Rafael 27","San Rafael","P019","Paracetamol 100mg","Respiratorios","17","15","6,8","Normal","LOT-7799","2027-04-09"
"INV00404","F027","Farmacia Economica San Rafael 27","San Rafael","P120","Aspirina Forte","Analgesicos","22","17","8,8","Normal","LOT-9318","2028-03-05"
"INV00405","F027","Farmacia Economica San Rafael 27","San Rafael","P025","Omeprazol 50mg","Respiratorios","43","25","17,2","Normal","LOT-5302","2027-05-16"
"INV00406","F028","Farmacia Economica Norte 28","Norte","P122","Loratadina Plus","Respiratorios","1","21","0,4","Critico","LOT-4995","2027-08-23"
"INV00407","F028","Farmacia Economica Norte 28","Norte","P132","Amoxicilina 100mg","Respiratorios","61","29","24,4","Excedente","LOT-5014","2029-09-29"
"INV00408","F028","Farmacia Economica Norte 28","Norte","P058","Aspirina Plus","Analgesicos","63","17","25,2","Excedente","LOT-4630","2027-06-06"
"INV00409","F028","Farmacia Economica Norte 28","Norte","P051","Ibuprofeno 500mg","Respiratorios","3","15","1,2","Critico","LOT-7910","2029-01-17"
"INV00410","F028","Farmacia Economica Norte 28","Norte","P001","Losartan 100mg","Respiratorios","12","29","4,8","Bajo","LOT-3569","2029-05-25"
"INV00411","F028","Farmacia Economica Norte 28","Norte","P053","Vitamina C 500mg","Cardiovasculares","10","27","4","Bajo","LOT-1154","2029-03-17"
"INV00412","F028","Farmacia Economica Norte 28","Norte","P133","Losartan 100mg","Respiratorios","0","19","0","Agotado","LOT-1262","2028-01-03"
"INV00413","F028","Farmacia Economica Norte 28","Norte","P081","Losartan 100mg","Respiratorios","97","18","38,8","Excedente","LOT-2682","2027-05-01"
"INV00414","F028","Farmacia Economica Norte 28","Norte","P048","Paracetamol 500mg","Analgesicos","21","16","8,4","Normal","LOT-8487","2029-02-06"
"INV00415","F028","Farmacia Economica Norte 28","Norte","P075","Paracetamol 50mg","Analgesicos","45","17","18","Normal","LOT-7596","2028-04-13"
"INV00416","F028","Farmacia Economica Norte 28","Norte","P020","Amoxicilina Plus","Analgesicos","16","22","6,4","Normal","LOT-2769","2029-05-16"
"INV00417","F028","Farmacia Economica Norte 28","Norte","P005","Loratadina 500mg","Cardiovasculares","95","24","38","Excedente","LOT-3350","2028-09-29"
"INV00418","F028","Farmacia Economica Norte 28","Norte","P140","Omeprazol Plus","Respiratorios","38","18","15,2","Normal","LOT-5729","2027-09-12"
"INV00419","F028","Farmacia Economica Norte 28","Norte","P026","Amoxicilina 500mg","Respiratorios","8","21","3,2","Bajo","LOT-7276","2029-04-07"
"INV00420","F028","Farmacia Economica Norte 28","Norte","P012","Amoxicilina 500mg","Cardiovasculares","26","25","10,4","Normal","LOT-4066","2027-11-02"
"INV00421","F029","Farmacia Economica Norte 29","Norte","P018","Amoxicilina Forte","Respiratorios","2","23","0,8","Critico","LOT-2226","2027-11-30"
"INV00422","F029","Farmacia Economica Norte 29","Norte","P070","Aspirina 50mg","Respiratorios","14","16","5,6","Bajo","LOT-3575","2027-05-03"
"INV00423","F029","Farmacia Economica Norte 29","Norte","P017","Vitamina C 100mg","Analgesicos","33","22","13,2","Normal","LOT-2155","2028-12-07"
"INV00424","F029","Farmacia Economica Norte 29","Norte","P022","Paracetamol Forte","Respiratorios","37","15","14,8","Normal","LOT-1778","2027-09-04"
"INV00425","F029","Farmacia Economica Norte 29","Norte","P048","Paracetamol 500mg","Analgesicos","87","26","34,8","Excedente","LOT-8392","2029-02-06"
"INV00426","F029","Farmacia Economica Norte 29","Norte","P132","Amoxicilina 100mg","Respiratorios","8","29","3,2","Bajo","LOT-6705","2029-09-29"
"INV00427","F029","Farmacia Economica Norte 29","Norte","P127","Paracetamol 500mg","Analgesicos","1","25","0,4","Critico","LOT-9827","2027-06-01"
"INV00428","F029","Farmacia Economica Norte 29","Norte","P051","Ibuprofeno 500mg","Respiratorios","32","26","12,8","Normal","LOT-8750","2029-01-17"
"INV00429","F029","Farmacia Economica Norte 29","Norte","P124","Paracetamol 500mg","Respiratorios","6","29","2,4","Bajo","LOT-2699","2027-06-23"
"INV00430","F029","Farmacia Economica Norte 29","Norte","P029","Aspirina 500mg","Analgesicos","24","22","9,6","Normal","LOT-6623","2028-10-12"
"INV00431","F029","Farmacia Economica Norte 29","Norte","P086","Losartan Forte","Respiratorios","32","16","12,8","Normal","LOT-2647","2029-02-01"
"INV00432","F029","Farmacia Economica Norte 29","Norte","P026","Amoxicilina 500mg","Respiratorios","22","24","8,8","Normal","LOT-9616","2029-04-07"
"INV00433","F029","Farmacia Economica Norte 29","Norte","P116","Ibuprofeno Forte","Respiratorios","6","23","2,4","Bajo","LOT-8373","2027-05-05"
"INV00434","F029","Farmacia Economica Norte 29","Norte","P133","Losartan 100mg","Respiratorios","38","28","15,2","Normal","LOT-2607","2028-01-03"
"INV00435","F029","Farmacia Economica Norte 29","Norte","P123","Paracetamol Plus","Analgesicos","8","24","3,2","Bajo","LOT-7222","2028-02-23"
"INV00436","F030","Farmacia Economica Centro 30","Centro","P071","Paracetamol Plus","Respiratorios","4","23","1,6","Bajo","LOT-1794","2029-09-06"
"INV00437","F030","Farmacia Economica Centro 30","Centro","P106","Paracetamol 500mg","Respiratorios","1","28","0,4","Critico","LOT-7417","2029-03-17"
"INV00438","F030","Farmacia Economica Centro 30","Centro","P114","Aspirina Forte","Cardiovasculares","44","19","17,6","Normal","LOT-7519","2027-07-06"
"INV00439","F030","Farmacia Economica Centro 30","Centro","P092","Vitamina C Forte","Respiratorios","2","15","0,8","Critico","LOT-9411","2028-09-17"
"INV00440","F030","Farmacia Economica Centro 30","Centro","P091","Ibuprofeno 100mg","Analgesicos","28","27","11,2","Normal","LOT-1464","2027-05-07"
"INV00441","F030","Farmacia Economica Centro 30","Centro","P053","Vitamina C 500mg","Cardiovasculares","2","25","0,8","Critico","LOT-7641","2029-03-17"
"INV00442","F030","Farmacia Economica Centro 30","Centro","P097","Vitamina C 500mg","Analgesicos","0","21","0","Agotado","LOT-7736","2028-06-22"
"INV00443","F030","Farmacia Economica Centro 30","Centro","P020","Amoxicilina Plus","Analgesicos","69","23","27,6","Excedente","LOT-4188","2029-05-16"
"INV00444","F030","Farmacia Economica Centro 30","Centro","P147","Ibuprofeno 100mg","Cardiovasculares","22","29","8,8","Normal","LOT-6609","2028-10-05"
"INV00445","F030","Farmacia Economica Centro 30","Centro","P013","Omeprazol Plus","Respiratorios","35","20","14","Normal","LOT-4895","2027-11-16"
"INV00446","F030","Farmacia Economica Centro 30","Centro","P061","Vitamina C 500mg","Respiratorios","26","22","10,4","Normal","LOT-6447","2027-11-08"
"INV00447","F030","Farmacia Economica Centro 30","Centro","P001","Losartan 100mg","Respiratorios","1","24","0,4","Critico","LOT-1644","2029-05-25"
"INV00448","F030","Farmacia Economica Centro 30","Centro","P086","Losartan Forte","Respiratorios","8","28","3,2","Bajo","LOT-5464","2029-02-01"
"INV00449","F030","Farmacia Economica Centro 30","Centro","P007","Ibuprofeno 50mg","Cardiovasculares","27","27","10,8","Normal","LOT-7451","2028-01-13"
"INV00450","F030","Farmacia Economica Centro 30","Centro","P119","Amoxicilina 50mg","Analgesicos","66","27","26,4","Excedente","LOT-2360","2028-07-21"
"INV00451","F031","Farmacia Economica Sur 31","Sur","P027","Paracetamol 500mg","Respiratorios","0","29","0","Agotado","LOT-5323","2028-07-05"
"INV00452","F031","Farmacia Economica Sur 31","Sur","P108","Amoxicilina Forte","Cardiovasculares","34","28","13,6","Normal","LOT-5349","2029-08-01"
"INV00453","F031","Farmacia Economica Sur 31","Sur","P049","Ibuprofeno 100mg","Cardiovasculares","42","25","16,8","Normal","LOT-9128","2027-11-08"
"INV00454","F031","Farmacia Economica Sur 31","Sur","P132","Amoxicilina 100mg","Respiratorios","40","18","16","Normal","LOT-7817","2029-09-29"
"INV00455","F031","Farmacia Economica Sur 31","Sur","P047","Omeprazol Forte","Cardiovasculares","5","25","2","Bajo","LOT-3078","2028-12-29"
"INV00456","F031","Farmacia Economica Sur 31","Sur","P119","Amoxicilina 50mg","Analgesicos","2","20","0,8","Critico","LOT-9293","2028-07-21"
"INV00457","F031","Farmacia Economica Sur 31","Sur","P146","Paracetamol 100mg","Respiratorios","24","27","9,6","Normal","LOT-5245","2028-02-14"
"INV00458","F031","Farmacia Economica Sur 31","Sur","P051","Ibuprofeno 500mg","Respiratorios","11","22","4,4","Bajo","LOT-6916","2029-01-17"
"INV00459","F031","Farmacia Economica Sur 31","Sur","P034","Amoxicilina Forte","Analgesicos","8","25","3,2","Bajo","LOT-1825","2028-09-20"
"INV00460","F031","Farmacia Economica Sur 31","Sur","P014","Aspirina 100mg","Analgesicos","14","18","5,6","Bajo","LOT-6994","2028-12-29"
"INV00461","F031","Farmacia Economica Sur 31","Sur","P147","Ibuprofeno 100mg","Cardiovasculares","25","27","10","Normal","LOT-5594","2028-10-05"
"INV00462","F031","Farmacia Economica Sur 31","Sur","P139","Loratadina 500mg","Respiratorios","2","16","0,8","Critico","LOT-9800","2028-10-14"
"INV00463","F031","Farmacia Economica Sur 31","Sur","P077","Ibuprofeno 50mg","Analgesicos","1","25","0,4","Critico","LOT-3732","2028-10-12"
"INV00464","F031","Farmacia Economica Sur 31","Sur","P059","Omeprazol 50mg","Cardiovasculares","78","25","31,2","Excedente","LOT-2154","2028-09-28"
"INV00465","F031","Farmacia Economica Sur 31","Sur","P020","Amoxicilina Plus","Analgesicos","86","23","34,4","Excedente","LOT-2802","2029-05-16"
"INV00466","F032","Farmacia Economica San Rafael 32","San Rafael","P140","Omeprazol Plus","Respiratorios","18","18","7,2","Normal","LOT-8134","2027-09-12"
"INV00467","F032","Farmacia Economica San Rafael 32","San Rafael","P141","Paracetamol 50mg","Respiratorios","4","25","1,6","Bajo","LOT-5266","2029-08-05"
"INV00468","F032","Farmacia Economica San Rafael 32","San Rafael","P031","Omeprazol Forte","Respiratorios","34","26","13,6","Normal","LOT-5080","2028-03-21"
"INV00469","F032","Farmacia Economica San Rafael 32","San Rafael","P091","Ibuprofeno 100mg","Analgesicos","17","16","6,8","Normal","LOT-3476","2027-05-07"
"INV00470","F032","Farmacia Economica San Rafael 32","San Rafael","P070","Aspirina 50mg","Respiratorios","21","19","8,4","Normal","LOT-3707","2027-05-03"
"INV00471","F032","Farmacia Economica San Rafael 32","San Rafael","P075","Paracetamol 50mg","Analgesicos","17","23","6,8","Normal","LOT-3721","2028-04-13"
"INV00472","F032","Farmacia Economica San Rafael 32","San Rafael","P123","Paracetamol Plus","Analgesicos","34","25","13,6","Normal","LOT-5289","2028-02-23"
"INV00473","F032","Farmacia Economica San Rafael 32","San Rafael","P022","Paracetamol Forte","Respiratorios","37","17","14,8","Normal","LOT-3099","2027-09-04"
"INV00474","F032","Farmacia Economica San Rafael 32","San Rafael","P017","Vitamina C 100mg","Analgesicos","10","23","4","Bajo","LOT-8066","2028-12-07"
"INV00475","F032","Farmacia Economica San Rafael 32","San Rafael","P115","Vitamina C 500mg","Analgesicos","41","24","16,4","Normal","LOT-4582","2028-02-03"
"INV00476","F032","Farmacia Economica San Rafael 32","San Rafael","P053","Vitamina C 500mg","Cardiovasculares","6","25","2,4","Bajo","LOT-7102","2029-03-17"
"INV00477","F032","Farmacia Economica San Rafael 32","San Rafael","P077","Ibuprofeno 50mg","Analgesicos","0","20","0","Agotado","LOT-1756","2028-10-12"
"INV00478","F032","Farmacia Economica San Rafael 32","San Rafael","P018","Amoxicilina Forte","Respiratorios","2","22","0,8","Critico","LOT-2642","2027-11-30"
"INV00479","F032","Farmacia Economica San Rafael 32","San Rafael","P048","Paracetamol 500mg","Analgesicos","29","24","11,6","Normal","LOT-3512","2029-02-06"
"INV00480","F032","Farmacia Economica San Rafael 32","San Rafael","P148","Losartan Plus","Cardiovasculares","22","20","8,8","Normal","LOT-4829","2029-06-24"
"INV00481","F033","Farmacia Economica Sur 33","Sur","P077","Ibuprofeno 50mg","Analgesicos","26","21","10,4","Normal","LOT-5851","2028-10-12"
"INV00482","F033","Farmacia Economica Sur 33","Sur","P092","Vitamina C Forte","Respiratorios","17","22","6,8","Normal","LOT-2887","2028-09-17"
"INV00483","F033","Farmacia Economica Sur 33","Sur","P027","Paracetamol 500mg","Respiratorios","12","17","4,8","Bajo","LOT-1169","2028-07-05"
"INV00484","F033","Farmacia Economica Sur 33","Sur","P120","Aspirina Forte","Analgesicos","1","22","0,4","Critico","LOT-9174","2028-03-05"
"INV00485","F033","Farmacia Economica Sur 33","Sur","P011","Aspirina Forte","Analgesicos","36","27","14,4","Normal","LOT-2612","2029-07-06"
"INV00486","F033","Farmacia Economica Sur 33","Sur","P114","Aspirina Forte","Cardiovasculares","24","27","9,6","Normal","LOT-6062","2027-07-06"
"INV00487","F033","Farmacia Economica Sur 33","Sur","P122","Loratadina Plus","Respiratorios","30","18","12","Normal","LOT-6691","2027-08-23"
"INV00488","F033","Farmacia Economica Sur 33","Sur","P143","Aspirina 500mg","Analgesicos","24","23","9,6","Normal","LOT-1450","2027-09-03"
"INV00489","F033","Farmacia Economica Sur 33","Sur","P150","Loratadina 100mg","Analgesicos","56","24","22,4","Excedente","LOT-5261","2029-09-07"
"INV00490","F033","Farmacia Economica Sur 33","Sur","P115","Vitamina C 500mg","Analgesicos","14","27","5,6","Bajo","LOT-1727","2028-02-03"
"INV00491","F033","Farmacia Economica Sur 33","Sur","P005","Loratadina 500mg","Cardiovasculares","34","18","13,6","Normal","LOT-5551","2028-09-29"
"INV00492","F033","Farmacia Economica Sur 33","Sur","P029","Aspirina 500mg","Analgesicos","0","22","0","Agotado","LOT-7144","2028-10-12"
"INV00493","F033","Farmacia Economica Sur 33","Sur","P123","Paracetamol Plus","Analgesicos","81","18","32,4","Excedente","LOT-5875","2028-02-23"
"INV00494","F033","Farmacia Economica Sur 33","Sur","P058","Aspirina Plus","Analgesicos","34","21","13,6","Normal","LOT-4111","2027-06-06"
"INV00495","F033","Farmacia Economica Sur 33","Sur","P035","Vitamina C 50mg","Cardiovasculares","50","26","20","Excedente","LOT-4012","2028-10-14"
"INV00496","F034","Farmacia Economica San Rafael 34","San Rafael","P133","Losartan 100mg","Respiratorios","29","20","11,6","Normal","LOT-9543","2028-01-03"
"INV00497","F034","Farmacia Economica San Rafael 34","San Rafael","P072","Loratadina Forte","Cardiovasculares","24","21","9,6","Normal","LOT-6851","2029-01-01"
"INV00498","F034","Farmacia Economica San Rafael 34","San Rafael","P056","Vitamina C 100mg","Cardiovasculares","27","17","10,8","Normal","LOT-3916","2028-05-06"
"INV00499","F034","Farmacia Economica San Rafael 34","San Rafael","P014","Aspirina 100mg","Analgesicos","16","18","6,4","Normal","LOT-4873","2028-12-29"
"INV00500","F034","Farmacia Economica San Rafael 34","San Rafael","P098","Aspirina 100mg","Cardiovasculares","22","23","8,8","Normal","LOT-2041","2029-05-24"
"INV00501","F034","Farmacia Economica San Rafael 34","San Rafael","P059","Omeprazol 50mg","Cardiovasculares","41","25","16,4","Normal","LOT-6056","2028-09-28"
"INV00502","F034","Farmacia Economica San Rafael 34","San Rafael","P135","Amoxicilina Plus","Respiratorios","2","29","0,8","Critico","LOT-7176","2028-11-26"
"INV00503","F034","Farmacia Economica San Rafael 34","San Rafael","P009","Vitamina C Plus","Cardiovasculares","17","25","6,8","Normal","LOT-7477","2029-06-04"
"INV00504","F034","Farmacia Economica San Rafael 34","San Rafael","P144","Paracetamol 100mg","Respiratorios","25","17","10","Normal","LOT-3867","2028-06-16"
"INV00505","F034","Farmacia Economica San Rafael 34","San Rafael","P061","Vitamina C 500mg","Respiratorios","30","20","12","Normal","LOT-3563","2027-11-08"
"INV00506","F034","Farmacia Economica San Rafael 34","San Rafael","P005","Loratadina 500mg","Cardiovasculares","76","25","30,4","Excedente","LOT-6695","2028-09-29"
"INV00507","F034","Farmacia Economica San Rafael 34","San Rafael","P043","Omeprazol Forte","Analgesicos","43","25","17,2","Normal","LOT-1404","2029-06-14"
"INV00508","F034","Farmacia Economica San Rafael 34","San Rafael","P071","Paracetamol Plus","Respiratorios","74","15","29,6","Excedente","LOT-7990","2029-09-06"
"INV00509","F034","Farmacia Economica San Rafael 34","San Rafael","P048","Paracetamol 500mg","Analgesicos","6","18","2,4","Bajo","LOT-5143","2029-02-06"
"INV00510","F034","Farmacia Economica San Rafael 34","San Rafael","P035","Vitamina C 50mg","Cardiovasculares","38","29","15,2","Normal","LOT-5171","2028-10-14"
"INV00511","F035","Farmacia Economica Sur 35","Sur","P058","Aspirina Plus","Analgesicos","56","27","22,4","Excedente","LOT-9896","2027-06-06"
"INV00512","F035","Farmacia Economica Sur 35","Sur","P007","Ibuprofeno 50mg","Cardiovasculares","14","18","5,6","Bajo","LOT-1433","2028-01-13"
"INV00513","F035","Farmacia Economica Sur 35","Sur","P123","Paracetamol Plus","Analgesicos","30","15","12","Normal","LOT-3583","2028-02-23"
"INV00514","F035","Farmacia Economica Sur 35","Sur","P141","Paracetamol 50mg","Respiratorios","2","27","0,8","Critico","LOT-4184","2029-08-05"
"INV00515","F035","Farmacia Economica Sur 35","Sur","P078","Losartan 500mg","Respiratorios","24","23","9,6","Normal","LOT-9021","2029-03-08"
"INV00516","F035","Farmacia Economica Sur 35","Sur","P056","Vitamina C 100mg","Cardiovasculares","9","29","3,6","Bajo","LOT-4144","2028-05-06"
"INV00517","F035","Farmacia Economica Sur 35","Sur","P025","Omeprazol 50mg","Respiratorios","31","28","12,4","Normal","LOT-1741","2027-05-16"
"INV00518","F035","Farmacia Economica Sur 35","Sur","P077","Ibuprofeno 50mg","Analgesicos","9","26","3,6","Bajo","LOT-3708","2028-10-12"
"INV00519","F035","Farmacia Economica Sur 35","Sur","P133","Losartan 100mg","Respiratorios","1","26","0,4","Critico","LOT-4770","2028-01-03"
"INV00520","F035","Farmacia Economica Sur 35","Sur","P085","Loratadina Plus","Cardiovasculares","0","22","0","Agotado","LOT-5573","2029-04-22"
"INV00521","F035","Farmacia Economica Sur 35","Sur","P081","Losartan 100mg","Respiratorios","5","21","2","Bajo","LOT-3407","2027-05-01"
"INV00522","F035","Farmacia Economica Sur 35","Sur","P060","Omeprazol Forte","Analgesicos","22","16","8,8","Normal","LOT-3454","2029-03-29"
"INV00523","F035","Farmacia Economica Sur 35","Sur","P026","Amoxicilina 500mg","Respiratorios","2","16","0,8","Critico","LOT-5887","2029-04-07"
"INV00524","F035","Farmacia Economica Sur 35","Sur","P115","Vitamina C 500mg","Analgesicos","6","17","2,4","Bajo","LOT-7530","2028-02-03"
"INV00525","F035","Farmacia Economica Sur 35","Sur","P071","Paracetamol Plus","Respiratorios","3","24","1,2","Critico","LOT-7967","2029-09-06"
"INV00526","F036","Farmacia Economica Centro 36","Centro","P127","Paracetamol 500mg","Analgesicos","2","25","0,8","Critico","LOT-4377","2027-06-01"
"INV00527","F036","Farmacia Economica Centro 36","Centro","P048","Paracetamol 500mg","Analgesicos","18","18","7,2","Normal","LOT-7710","2029-02-06"
"INV00528","F036","Farmacia Economica Centro 36","Centro","P022","Paracetamol Forte","Respiratorios","6","29","2,4","Bajo","LOT-2615","2027-09-04"
"INV00529","F036","Farmacia Economica Centro 36","Centro","P129","Aspirina 50mg","Cardiovasculares","6","20","2,4","Bajo","LOT-5459","2029-05-12"
"INV00530","F036","Farmacia Economica Centro 36","Centro","P096","Losartan 50mg","Analgesicos","11","28","4,4","Bajo","LOT-4605","2028-02-17"
"INV00531","F036","Farmacia Economica Centro 36","Centro","P150","Loratadina 100mg","Analgesicos","30","16","12","Normal","LOT-2816","2029-09-07"
"INV00532","F036","Farmacia Economica Centro 36","Centro","P098","Aspirina 100mg","Cardiovasculares","13","23","5,2","Bajo","LOT-9236","2029-05-24"
"INV00533","F036","Farmacia Economica Centro 36","Centro","P061","Vitamina C 500mg","Respiratorios","10","28","4","Bajo","LOT-1983","2027-11-08"
"INV00534","F036","Farmacia Economica Centro 36","Centro","P123","Paracetamol Plus","Analgesicos","36","29","14,4","Normal","LOT-4120","2028-02-23"
"INV00535","F036","Farmacia Economica Centro 36","Centro","P059","Omeprazol 50mg","Cardiovasculares","30","25","12","Normal","LOT-7026","2028-09-28"
"INV00536","F036","Farmacia Economica Centro 36","Centro","P012","Amoxicilina 500mg","Cardiovasculares","42","22","16,8","Normal","LOT-6219","2027-11-02"
"INV00537","F036","Farmacia Economica Centro 36","Centro","P078","Losartan 500mg","Respiratorios","12","22","4,8","Bajo","LOT-6616","2029-03-08"
"INV00538","F036","Farmacia Economica Centro 36","Centro","P060","Omeprazol Forte","Analgesicos","96","24","38,4","Excedente","LOT-8576","2029-03-29"
"INV00539","F036","Farmacia Economica Centro 36","Centro","P136","Amoxicilina Forte","Cardiovasculares","87","17","34,8","Excedente","LOT-2001","2029-04-25"
"INV00540","F036","Farmacia Economica Centro 36","Centro","P081","Losartan 100mg","Respiratorios","18","15","7,2","Normal","LOT-5234","2027-05-01"
"INV00541","F037","Farmacia Economica Centro 37","Centro","P077","Ibuprofeno 50mg","Analgesicos","0","22","0","Agotado","LOT-6968","2028-10-12"
"INV00542","F037","Farmacia Economica Centro 37","Centro","P047","Omeprazol Forte","Cardiovasculares","3","20","1,2","Critico","LOT-9092","2028-12-29"
"INV00543","F037","Farmacia Economica Centro 37","Centro","P141","Paracetamol 50mg","Respiratorios","26","17","10,4","Normal","LOT-8901","2029-08-05"
"INV00544","F037","Farmacia Economica Centro 37","Centro","P085","Loratadina Plus","Cardiovasculares","3","24","1,2","Critico","LOT-8585","2029-04-22"
"INV00545","F037","Farmacia Economica Centro 37","Centro","P129","Aspirina 50mg","Cardiovasculares","41","19","16,4","Normal","LOT-2310","2029-05-12"
"INV00546","F037","Farmacia Economica Centro 37","Centro","P034","Amoxicilina Forte","Analgesicos","30","21","12","Normal","LOT-2986","2028-09-20"
"INV00547","F037","Farmacia Economica Centro 37","Centro","P073","Paracetamol 500mg","Respiratorios","81","27","32,4","Excedente","LOT-9166","2029-10-04"
"INV00548","F037","Farmacia Economica Centro 37","Centro","P005","Loratadina 500mg","Cardiovasculares","70","27","28","Excedente","LOT-8986","2028-09-29"
"INV00549","F037","Farmacia Economica Centro 37","Centro","P013","Omeprazol Plus","Respiratorios","14","29","5,6","Bajo","LOT-9721","2027-11-16"
"INV00550","F037","Farmacia Economica Centro 37","Centro","P086","Losartan Forte","Respiratorios","0","21","0","Agotado","LOT-7103","2029-02-01"
"INV00551","F037","Farmacia Economica Centro 37","Centro","P049","Ibuprofeno 100mg","Cardiovasculares","35","25","14","Normal","LOT-9306","2027-11-08"
"INV00552","F037","Farmacia Economica Centro 37","Centro","P020","Amoxicilina Plus","Analgesicos","20","26","8","Normal","LOT-1415","2029-05-16"
"INV00553","F037","Farmacia Economica Centro 37","Centro","P059","Omeprazol 50mg","Cardiovasculares","44","19","17,6","Normal","LOT-5779","2028-09-28"
"INV00554","F037","Farmacia Economica Centro 37","Centro","P114","Aspirina Forte","Cardiovasculares","26","22","10,4","Normal","LOT-7591","2027-07-06"
"INV00555","F037","Farmacia Economica Centro 37","Centro","P110","Loratadina 100mg","Analgesicos","23","22","9,2","Normal","LOT-6458","2029-04-06"
"INV00556","F038","Farmacia Economica Centro 38","Centro","P056","Vitamina C 100mg","Cardiovasculares","14","16","5,6","Bajo","LOT-4739","2028-05-06"
"INV00557","F038","Farmacia Economica Centro 38","Centro","P058","Aspirina Plus","Analgesicos","43","26","17,2","Normal","LOT-9910","2027-06-06"
"INV00558","F038","Farmacia Economica Centro 38","Centro","P035","Vitamina C 50mg","Cardiovasculares","14","27","5,6","Bajo","LOT-5215","2028-10-14"
"INV00559","F038","Farmacia Economica Centro 38","Centro","P043","Omeprazol Forte","Analgesicos","45","15","18","Normal","LOT-2156","2029-06-14"
"INV00560","F038","Farmacia Economica Centro 38","Centro","P110","Loratadina 100mg","Analgesicos","35","26","14","Normal","LOT-9273","2029-04-06"
"INV00561","F038","Farmacia Economica Centro 38","Centro","P047","Omeprazol Forte","Cardiovasculares","34","27","13,6","Normal","LOT-2216","2028-12-29"
"INV00562","F038","Farmacia Economica Centro 38","Centro","P029","Aspirina 500mg","Analgesicos","3","21","1,2","Critico","LOT-1396","2028-10-12"
"INV00563","F038","Farmacia Economica Centro 38","Centro","P096","Losartan 50mg","Analgesicos","43","20","17,2","Normal","LOT-9930","2028-02-17"
"INV00564","F038","Farmacia Economica Centro 38","Centro","P022","Paracetamol Forte","Respiratorios","3","27","1,2","Critico","LOT-8527","2027-09-04"
"INV00565","F038","Farmacia Economica Centro 38","Centro","P124","Paracetamol 500mg","Respiratorios","29","24","11,6","Normal","LOT-1209","2027-06-23"
"INV00566","F038","Farmacia Economica Centro 38","Centro","P090","Vitamina C Forte","Analgesicos","3","21","1,2","Critico","LOT-3230","2029-06-18"
"INV00567","F038","Farmacia Economica Centro 38","Centro","P048","Paracetamol 500mg","Analgesicos","12","29","4,8","Bajo","LOT-5762","2029-02-06"
"INV00568","F038","Farmacia Economica Centro 38","Centro","P049","Ibuprofeno 100mg","Cardiovasculares","29","21","11,6","Normal","LOT-6901","2027-11-08"
"INV00569","F038","Farmacia Economica Centro 38","Centro","P059","Omeprazol 50mg","Cardiovasculares","37","15","14,8","Normal","LOT-6482","2028-09-28"
"INV00570","F038","Farmacia Economica Centro 38","Centro","P025","Omeprazol 50mg","Respiratorios","65","24","26","Excedente","LOT-2634","2027-05-16"
"INV00571","F039","Farmacia Economica Valles 39","Valles","P043","Omeprazol Forte","Analgesicos","11","18","4,4","Bajo","LOT-6365","2029-06-14"
"INV00572","F039","Farmacia Economica Valles 39","Valles","P145","Amoxicilina Forte","Cardiovasculares","91","21","36,4","Excedente","LOT-9926","2028-07-14"
"INV00573","F039","Farmacia Economica Valles 39","Valles","P132","Amoxicilina 100mg","Respiratorios","18","21","7,2","Normal","LOT-8347","2029-09-29"
"INV00574","F039","Farmacia Economica Valles 39","Valles","P143","Aspirina 500mg","Analgesicos","38","27","15,2","Normal","LOT-5654","2027-09-03"
"INV00575","F039","Farmacia Economica Valles 39","Valles","P071","Paracetamol Plus","Respiratorios","5","27","2","Bajo","LOT-3533","2029-09-06"
"INV00576","F039","Farmacia Economica Valles 39","Valles","P084","Ibuprofeno 50mg","Cardiovasculares","25","20","10","Normal","LOT-5224","2028-05-08"
"INV00577","F039","Farmacia Economica Valles 39","Valles","P147","Ibuprofeno 100mg","Cardiovasculares","0","26","0","Agotado","LOT-8443","2028-10-05"
"INV00578","F039","Farmacia Economica Valles 39","Valles","P009","Vitamina C Plus","Cardiovasculares","44","17","17,6","Normal","LOT-3278","2029-06-04"
"INV00579","F039","Farmacia Economica Valles 39","Valles","P056","Vitamina C 100mg","Cardiovasculares","0","26","0","Agotado","LOT-5317","2028-05-06"
"INV00580","F039","Farmacia Economica Valles 39","Valles","P116","Ibuprofeno Forte","Respiratorios","10","27","4","Bajo","LOT-4428","2027-05-05"
"INV00581","F039","Farmacia Economica Valles 39","Valles","P018","Amoxicilina Forte","Respiratorios","92","26","36,8","Excedente","LOT-1565","2027-11-30"
"INV00582","F039","Farmacia Economica Valles 39","Valles","P066","Losartan 100mg","Cardiovasculares","22","29","8,8","Normal","LOT-2365","2028-11-30"
"INV00583","F039","Farmacia Economica Valles 39","Valles","P122","Loratadina Plus","Respiratorios","4","21","1,6","Bajo","LOT-8254","2027-08-23"
"INV00584","F039","Farmacia Economica Valles 39","Valles","P118","Losartan Plus","Respiratorios","26","21","10,4","Normal","LOT-2653","2027-08-27"
"INV00585","F039","Farmacia Economica Valles 39","Valles","P059","Omeprazol 50mg","Cardiovasculares","38","28","15,2","Normal","LOT-9037","2028-09-28"
"INV00586","F040","Farmacia Economica Quitumbe 40","Quitumbe","P070","Aspirina 50mg","Respiratorios","13","25","5,2","Bajo","LOT-4201","2027-05-03"
"INV00587","F040","Farmacia Economica Quitumbe 40","Quitumbe","P147","Ibuprofeno 100mg","Cardiovasculares","58","19","23,2","Excedente","LOT-8263","2028-10-05"
"INV00588","F040","Farmacia Economica Quitumbe 40","Quitumbe","P133","Losartan 100mg","Respiratorios","39","29","15,6","Normal","LOT-9247","2028-01-03"
"INV00589","F040","Farmacia Economica Quitumbe 40","Quitumbe","P150","Loratadina 100mg","Analgesicos","1","25","0,4","Critico","LOT-4169","2029-09-07"
"INV00590","F040","Farmacia Economica Quitumbe 40","Quitumbe","P084","Ibuprofeno 50mg","Cardiovasculares","2","16","0,8","Critico","LOT-9036","2028-05-08"
"INV00591","F040","Farmacia Economica Quitumbe 40","Quitumbe","P114","Aspirina Forte","Cardiovasculares","28","29","11,2","Normal","LOT-7414","2027-07-06"
"INV00592","F040","Farmacia Economica Quitumbe 40","Quitumbe","P141","Paracetamol 50mg","Respiratorios","27","17","10,8","Normal","LOT-7789","2029-08-05"
"INV00593","F040","Farmacia Economica Quitumbe 40","Quitumbe","P096","Losartan 50mg","Analgesicos","38","27","15,2","Normal","LOT-5083","2028-02-17"
"INV00594","F040","Farmacia Economica Quitumbe 40","Quitumbe","P135","Amoxicilina Plus","Respiratorios","19","24","7,6","Normal","LOT-6076","2028-11-26"
"INV00595","F040","Farmacia Economica Quitumbe 40","Quitumbe","P124","Paracetamol 500mg","Respiratorios","2","19","0,8","Critico","LOT-3562","2027-06-23"
"INV00596","F040","Farmacia Economica Quitumbe 40","Quitumbe","P026","Amoxicilina 500mg","Respiratorios","24","25","9,6","Normal","LOT-6827","2029-04-07"
"INV00597","F040","Farmacia Economica Quitumbe 40","Quitumbe","P005","Loratadina 500mg","Cardiovasculares","63","22","25,2","Excedente","LOT-9851","2028-09-29"
"INV00598","F040","Farmacia Economica Quitumbe 40","Quitumbe","P013","Omeprazol Plus","Respiratorios","62","21","24,8","Excedente","LOT-9028","2027-11-16"
"INV00599","F040","Farmacia Economica Quitumbe 40","Quitumbe","P051","Ibuprofeno 500mg","Respiratorios","28","16","11,2","Normal","LOT-1385","2029-01-17"
"INV00600","F040","Farmacia Economica Quitumbe 40","Quitumbe","P140","Omeprazol Plus","Respiratorios","27","25","10,8","Normal","LOT-4036","2027-09-12"
"INV00601","F041","Farmacia Economica San Rafael 41","San Rafael","P122","Loratadina Plus","Respiratorios","5","25","2","Bajo","LOT-2354","2027-08-23"
"INV00602","F041","Farmacia Economica San Rafael 41","San Rafael","P143","Aspirina 500mg","Analgesicos","24","26","9,6","Normal","LOT-7187","2027-09-03"
"INV00603","F041","Farmacia Economica San Rafael 41","San Rafael","P007","Ibuprofeno 50mg","Cardiovasculares","40","27","16","Normal","LOT-2884","2028-01-13"
"INV00604","F041","Farmacia Economica San Rafael 41","San Rafael","P025","Omeprazol 50mg","Respiratorios","3","21","1,2","Critico","LOT-8718","2027-05-16"
"INV00605","F041","Farmacia Economica San Rafael 41","San Rafael","P097","Vitamina C 500mg","Analgesicos","44","19","17,6","Normal","LOT-9815","2028-06-22"
"INV00606","F041","Farmacia Economica San Rafael 41","San Rafael","P091","Ibuprofeno 100mg","Analgesicos","2","17","0,8","Critico","LOT-7868","2027-05-07"
"INV00607","F041","Farmacia Economica San Rafael 41","San Rafael","P086","Losartan Forte","Respiratorios","4","26","1,6","Bajo","LOT-6986","2029-02-01"
"INV00608","F041","Farmacia Economica San Rafael 41","San Rafael","P027","Paracetamol 500mg","Respiratorios","54","19","21,6","Excedente","LOT-1342","2028-07-05"
"INV00609","F041","Farmacia Economica San Rafael 41","San Rafael","P132","Amoxicilina 100mg","Respiratorios","55","21","22","Excedente","LOT-6821","2029-09-29"
"INV00610","F041","Farmacia Economica San Rafael 41","San Rafael","P061","Vitamina C 500mg","Respiratorios","19","29","7,6","Normal","LOT-7467","2027-11-08"
"INV00611","F041","Farmacia Economica San Rafael 41","San Rafael","P017","Vitamina C 100mg","Analgesicos","24","16","9,6","Normal","LOT-8761","2028-12-07"
"INV00612","F041","Farmacia Economica San Rafael 41","San Rafael","P036","Ibuprofeno 100mg","Analgesicos","25","27","10","Normal","LOT-3538","2028-12-27"
"INV00613","F041","Farmacia Economica San Rafael 41","San Rafael","P005","Loratadina 500mg","Cardiovasculares","25","28","10","Normal","LOT-9895","2028-09-29"
"INV00614","F041","Farmacia Economica San Rafael 41","San Rafael","P144","Paracetamol 100mg","Respiratorios","13","15","5,2","Bajo","LOT-1983","2028-06-16"
"INV00615","F041","Farmacia Economica San Rafael 41","San Rafael","P078","Losartan 500mg","Respiratorios","56","22","22,4","Excedente","LOT-5664","2029-03-08"
"INV00616","F042","Farmacia Economica Centro 42","Centro","P047","Omeprazol Forte","Cardiovasculares","26","29","10,4","Normal","LOT-8716","2028-12-29"
"INV00617","F042","Farmacia Economica Centro 42","Centro","P014","Aspirina 100mg","Analgesicos","88","23","35,2","Excedente","LOT-9892","2028-12-29"
"INV00618","F042","Farmacia Economica Centro 42","Centro","P119","Amoxicilina 50mg","Analgesicos","3","18","1,2","Critico","LOT-4259","2028-07-21"
"INV00619","F042","Farmacia Economica Centro 42","Centro","P078","Losartan 500mg","Respiratorios","2","21","0,8","Critico","LOT-1753","2029-03-08"
"INV00620","F042","Farmacia Economica Centro 42","Centro","P049","Ibuprofeno 100mg","Cardiovasculares","2","15","0,8","Critico","LOT-9020","2027-11-08"
"INV00621","F042","Farmacia Economica Centro 42","Centro","P142","Losartan 50mg","Cardiovasculares","27","19","10,8","Normal","LOT-3737","2028-12-20"
"INV00622","F042","Farmacia Economica Centro 42","Centro","P136","Amoxicilina Forte","Cardiovasculares","34","17","13,6","Normal","LOT-1177","2029-04-25"
"INV00623","F042","Farmacia Economica Centro 42","Centro","P018","Amoxicilina Forte","Respiratorios","5","22","2","Bajo","LOT-1187","2027-11-30"
"INV00624","F042","Farmacia Economica Centro 42","Centro","P071","Paracetamol Plus","Respiratorios","22","25","8,8","Normal","LOT-9440","2029-09-06"
"INV00625","F042","Farmacia Economica Centro 42","Centro","P013","Omeprazol Plus","Respiratorios","9","17","3,6","Bajo","LOT-6535","2027-11-16"
"INV00626","F042","Farmacia Economica Centro 42","Centro","P070","Aspirina 50mg","Respiratorios","12","25","4,8","Bajo","LOT-1025","2027-05-03"
"INV00627","F042","Farmacia Economica Centro 42","Centro","P110","Loratadina 100mg","Analgesicos","14","18","5,6","Bajo","LOT-9673","2029-04-06"
"INV00628","F042","Farmacia Economica Centro 42","Centro","P031","Omeprazol Forte","Respiratorios","25","16","10","Normal","LOT-8529","2028-03-21"
"INV00629","F042","Farmacia Economica Centro 42","Centro","P101","Loratadina 100mg","Analgesicos","29","21","11,6","Normal","LOT-3621","2028-05-11"
"INV00630","F042","Farmacia Economica Centro 42","Centro","P133","Losartan 100mg","Respiratorios","32","17","12,8","Normal","LOT-4712","2028-01-03"
"INV00631","F043","Farmacia Economica Norte 43","Norte","P097","Vitamina C 500mg","Analgesicos","3","29","1,2","Critico","LOT-9236","2028-06-22"
"INV00632","F043","Farmacia Economica Norte 43","Norte","P085","Loratadina Plus","Cardiovasculares","12","15","4,8","Bajo","LOT-5670","2029-04-22"
"INV00633","F043","Farmacia Economica Norte 43","Norte","P122","Loratadina Plus","Respiratorios","43","26","17,2","Normal","LOT-7234","2027-08-23"
"INV00634","F043","Farmacia Economica Norte 43","Norte","P018","Amoxicilina Forte","Respiratorios","18","17","7,2","Normal","LOT-8662","2027-11-30"
"INV00635","F043","Farmacia Economica Norte 43","Norte","P078","Losartan 500mg","Respiratorios","9","23","3,6","Bajo","LOT-6515","2029-03-08"
"INV00636","F043","Farmacia Economica Norte 43","Norte","P150","Loratadina 100mg","Analgesicos","21","26","8,4","Normal","LOT-2028","2029-09-07"
"INV00637","F043","Farmacia Economica Norte 43","Norte","P098","Aspirina 100mg","Cardiovasculares","35","26","14","Normal","LOT-3719","2029-05-24"
"INV00638","F043","Farmacia Economica Norte 43","Norte","P146","Paracetamol 100mg","Respiratorios","10","17","4","Bajo","LOT-5019","2028-02-14"
"INV00639","F043","Farmacia Economica Norte 43","Norte","P051","Ibuprofeno 500mg","Respiratorios","26","20","10,4","Normal","LOT-6947","2029-01-17"
"INV00640","F043","Farmacia Economica Norte 43","Norte","P106","Paracetamol 500mg","Respiratorios","14","22","5,6","Bajo","LOT-9826","2029-03-17"
"INV00641","F043","Farmacia Economica Norte 43","Norte","P144","Paracetamol 100mg","Respiratorios","54","21","21,6","Excedente","LOT-4566","2028-06-16"
"INV00642","F043","Farmacia Economica Norte 43","Norte","P058","Aspirina Plus","Analgesicos","19","21","7,6","Normal","LOT-7045","2027-06-06"
"INV00643","F043","Farmacia Economica Norte 43","Norte","P148","Losartan Plus","Cardiovasculares","38","21","15,2","Normal","LOT-3356","2029-06-24"
"INV00644","F043","Farmacia Economica Norte 43","Norte","P012","Amoxicilina 500mg","Cardiovasculares","16","27","6,4","Normal","LOT-8300","2027-11-02"
"INV00645","F043","Farmacia Economica Norte 43","Norte","P009","Vitamina C Plus","Cardiovasculares","96","21","38,4","Excedente","LOT-8474","2029-06-04"
"INV00646","F044","Farmacia Economica Cumbaya 44","Cumbaya","P026","Amoxicilina 500mg","Respiratorios","6","15","2,4","Bajo","LOT-3179","2029-04-07"
"INV00647","F044","Farmacia Economica Cumbaya 44","Cumbaya","P016","Losartan 500mg","Analgesicos","44","29","17,6","Normal","LOT-1061","2029-09-14"
"INV00648","F044","Farmacia Economica Cumbaya 44","Cumbaya","P090","Vitamina C Forte","Analgesicos","0","28","0","Agotado","LOT-8110","2029-06-18"
"INV00649","F044","Farmacia Economica Cumbaya 44","Cumbaya","P145","Amoxicilina Forte","Cardiovasculares","3","20","1,2","Critico","LOT-5092","2028-07-14"
"INV00650","F044","Farmacia Economica Cumbaya 44","Cumbaya","P053","Vitamina C 500mg","Cardiovasculares","0","23","0","Agotado","LOT-6973","2029-03-17"
"INV00651","F044","Farmacia Economica Cumbaya 44","Cumbaya","P004","Aspirina 50mg","Respiratorios","96","29","38,4","Excedente","LOT-6243","2028-12-05"
"INV00652","F044","Farmacia Economica Cumbaya 44","Cumbaya","P133","Losartan 100mg","Respiratorios","62","25","24,8","Excedente","LOT-8901","2028-01-03"
"INV00653","F044","Farmacia Economica Cumbaya 44","Cumbaya","P092","Vitamina C Forte","Respiratorios","27","27","10,8","Normal","LOT-7763","2028-09-17"
"INV00654","F044","Farmacia Economica Cumbaya 44","Cumbaya","P116","Ibuprofeno Forte","Respiratorios","41","22","16,4","Normal","LOT-1644","2027-05-05"
"INV00655","F044","Farmacia Economica Cumbaya 44","Cumbaya","P073","Paracetamol 500mg","Respiratorios","8","24","3,2","Bajo","LOT-2984","2029-10-04"
"INV00656","F044","Farmacia Economica Cumbaya 44","Cumbaya","P140","Omeprazol Plus","Respiratorios","13","22","5,2","Bajo","LOT-8709","2027-09-12"
"INV00657","F044","Farmacia Economica Cumbaya 44","Cumbaya","P122","Loratadina Plus","Respiratorios","41","24","16,4","Normal","LOT-8491","2027-08-23"
"INV00658","F044","Farmacia Economica Cumbaya 44","Cumbaya","P147","Ibuprofeno 100mg","Cardiovasculares","41","29","16,4","Normal","LOT-1933","2028-10-05"
"INV00659","F044","Farmacia Economica Cumbaya 44","Cumbaya","P119","Amoxicilina 50mg","Analgesicos","88","18","35,2","Excedente","LOT-7339","2028-07-21"
"INV00660","F044","Farmacia Economica Cumbaya 44","Cumbaya","P021","Amoxicilina 500mg","Cardiovasculares","10","25","4","Bajo","LOT-1070","2028-02-09"
"INV00661","F045","Farmacia Economica Cumbaya 45","Cumbaya","P081","Losartan 100mg","Respiratorios","13","21","5,2","Bajo","LOT-3012","2027-05-01"
"INV00662","F045","Farmacia Economica Cumbaya 45","Cumbaya","P133","Losartan 100mg","Respiratorios","24","17","9,6","Normal","LOT-6615","2028-01-03"
"INV00663","F045","Farmacia Economica Cumbaya 45","Cumbaya","P101","Loratadina 100mg","Analgesicos","74","22","29,6","Excedente","LOT-7040","2028-05-11"
"INV00664","F045","Farmacia Economica Cumbaya 45","Cumbaya","P035","Vitamina C 50mg","Cardiovasculares","7","24","2,8","Bajo","LOT-4561","2028-10-14"
"INV00665","F045","Farmacia Economica Cumbaya 45","Cumbaya","P007","Ibuprofeno 50mg","Cardiovasculares","13","26","5,2","Bajo","LOT-5914","2028-01-13"
"INV00666","F045","Farmacia Economica Cumbaya 45","Cumbaya","P123","Paracetamol Plus","Analgesicos","2","17","0,8","Critico","LOT-8150","2028-02-23"
"INV00667","F045","Farmacia Economica Cumbaya 45","Cumbaya","P004","Aspirina 50mg","Respiratorios","14","25","5,6","Bajo","LOT-5153","2028-12-05"
"INV00668","F045","Farmacia Economica Cumbaya 45","Cumbaya","P059","Omeprazol 50mg","Cardiovasculares","43","22","17,2","Normal","LOT-7309","2028-09-28"
"INV00669","F045","Farmacia Economica Cumbaya 45","Cumbaya","P127","Paracetamol 500mg","Analgesicos","43","23","17,2","Normal","LOT-9581","2027-06-01"
"INV00670","F045","Farmacia Economica Cumbaya 45","Cumbaya","P143","Aspirina 500mg","Analgesicos","78","19","31,2","Excedente","LOT-9712","2027-09-03"
"INV00671","F045","Farmacia Economica Cumbaya 45","Cumbaya","P073","Paracetamol 500mg","Respiratorios","33","20","13,2","Normal","LOT-7516","2029-10-04"
"INV00672","F045","Farmacia Economica Cumbaya 45","Cumbaya","P077","Ibuprofeno 50mg","Analgesicos","3","17","1,2","Critico","LOT-6616","2028-10-12"
"INV00673","F045","Farmacia Economica Cumbaya 45","Cumbaya","P038","Vitamina C Plus","Respiratorios","4","17","1,6","Bajo","LOT-8147","2029-04-18"
"INV00674","F045","Farmacia Economica Cumbaya 45","Cumbaya","P018","Amoxicilina Forte","Respiratorios","31","17","12,4","Normal","LOT-2287","2027-11-30"
"INV00675","F045","Farmacia Economica Cumbaya 45","Cumbaya","P106","Paracetamol 500mg","Respiratorios","12","18","4,8","Bajo","LOT-6252","2029-03-17"
"INV00676","F046","Farmacia Economica Carapungo 46","Carapungo","P060","Omeprazol Forte","Analgesicos","17","25","6,8","Normal","LOT-1257","2029-03-29"
"INV00677","F046","Farmacia Economica Carapungo 46","Carapungo","P073","Paracetamol 500mg","Respiratorios","25","15","10","Normal","LOT-3695","2029-10-04"
"INV00678","F046","Farmacia Economica Carapungo 46","Carapungo","P092","Vitamina C Forte","Respiratorios","82","17","32,8","Excedente","LOT-1305","2028-09-17"
"INV00679","F046","Farmacia Economica Carapungo 46","Carapungo","P021","Amoxicilina 500mg","Cardiovasculares","2","19","0,8","Critico","LOT-4328","2028-02-09"
"INV00680","F046","Farmacia Economica Carapungo 46","Carapungo","P036","Ibuprofeno 100mg","Analgesicos","30","17","12","Normal","LOT-5055","2028-12-27"
"INV00681","F046","Farmacia Economica Carapungo 46","Carapungo","P145","Amoxicilina Forte","Cardiovasculares","73","15","29,2","Excedente","LOT-3821","2028-07-14"
"INV00682","F046","Farmacia Economica Carapungo 46","Carapungo","P026","Amoxicilina 500mg","Respiratorios","39","26","15,6","Normal","LOT-4579","2029-04-07"
"INV00683","F046","Farmacia Economica Carapungo 46","Carapungo","P011","Aspirina Forte","Analgesicos","7","28","2,8","Bajo","LOT-1093","2029-07-06"
"INV00684","F046","Farmacia Economica Carapungo 46","Carapungo","P141","Paracetamol 50mg","Respiratorios","29","28","11,6","Normal","LOT-1871","2029-08-05"
"INV00685","F046","Farmacia Economica Carapungo 46","Carapungo","P098","Aspirina 100mg","Cardiovasculares","0","17","0","Agotado","LOT-2313","2029-05-24"
"INV00686","F046","Farmacia Economica Carapungo 46","Carapungo","P140","Omeprazol Plus","Respiratorios","9","18","3,6","Bajo","LOT-5438","2027-09-12"
"INV00687","F046","Farmacia Economica Carapungo 46","Carapungo","P078","Losartan 500mg","Respiratorios","32","19","12,8","Normal","LOT-9943","2029-03-08"
"INV00688","F046","Farmacia Economica Carapungo 46","Carapungo","P097","Vitamina C 500mg","Analgesicos","21","25","8,4","Normal","LOT-7220","2028-06-22"
"INV00689","F046","Farmacia Economica Carapungo 46","Carapungo","P066","Losartan 100mg","Cardiovasculares","74","18","29,6","Excedente","LOT-6002","2028-11-30"
"INV00690","F046","Farmacia Economica Carapungo 46","Carapungo","P146","Paracetamol 100mg","Respiratorios","22","18","8,8","Normal","LOT-3919","2028-02-14"
"INV00691","F047","Farmacia Economica Sur 47","Sur","P047","Omeprazol Forte","Cardiovasculares","38","26","15,2","Normal","LOT-1694","2028-12-29"
"INV00692","F047","Farmacia Economica Sur 47","Sur","P135","Amoxicilina Plus","Respiratorios","3","24","1,2","Critico","LOT-9930","2028-11-26"
"INV00693","F047","Farmacia Economica Sur 47","Sur","P007","Ibuprofeno 50mg","Cardiovasculares","27","18","10,8","Normal","LOT-6214","2028-01-13"
"INV00694","F047","Farmacia Economica Sur 47","Sur","P056","Vitamina C 100mg","Cardiovasculares","2","28","0,8","Critico","LOT-6311","2028-05-06"
"INV00695","F047","Farmacia Economica Sur 47","Sur","P005","Loratadina 500mg","Cardiovasculares","11","27","4,4","Bajo","LOT-7439","2028-09-29"
"INV00696","F047","Farmacia Economica Sur 47","Sur","P017","Vitamina C 100mg","Analgesicos","44","20","17,6","Normal","LOT-1334","2028-12-07"
"INV00697","F047","Farmacia Economica Sur 47","Sur","P034","Amoxicilina Forte","Analgesicos","3","16","1,2","Critico","LOT-1086","2028-09-20"
"INV00698","F047","Farmacia Economica Sur 47","Sur","P142","Losartan 50mg","Cardiovasculares","4","15","1,6","Bajo","LOT-1205","2028-12-20"
"INV00699","F047","Farmacia Economica Sur 47","Sur","P123","Paracetamol Plus","Analgesicos","9","15","3,6","Bajo","LOT-9203","2028-02-23"
"INV00700","F047","Farmacia Economica Sur 47","Sur","P049","Ibuprofeno 100mg","Cardiovasculares","44","18","17,6","Normal","LOT-5848","2027-11-08"
"INV00701","F047","Farmacia Economica Sur 47","Sur","P144","Paracetamol 100mg","Respiratorios","0","21","0","Agotado","LOT-8640","2028-06-16"
"INV00702","F047","Farmacia Economica Sur 47","Sur","P022","Paracetamol Forte","Respiratorios","89","17","35,6","Excedente","LOT-9434","2027-09-04"
"INV00703","F047","Farmacia Economica Sur 47","Sur","P059","Omeprazol 50mg","Cardiovasculares","70","25","28","Excedente","LOT-3488","2028-09-28"
"INV00704","F047","Farmacia Economica Sur 47","Sur","P090","Vitamina C Forte","Analgesicos","14","18","5,6","Bajo","LOT-9906","2029-06-18"
"INV00705","F047","Farmacia Economica Sur 47","Sur","P148","Losartan Plus","Cardiovasculares","41","24","16,4","Normal","LOT-8717","2029-06-24"
"INV00706","F048","Farmacia Economica Sur 48","Sur","P075","Paracetamol 50mg","Analgesicos","30","20","12","Normal","LOT-9231","2028-04-13"
"INV00707","F048","Farmacia Economica Sur 48","Sur","P049","Ibuprofeno 100mg","Cardiovasculares","26","16","10,4","Normal","LOT-4583","2027-11-08"
"INV00708","F048","Farmacia Economica Sur 48","Sur","P070","Aspirina 50mg","Respiratorios","1","29","0,4","Critico","LOT-3382","2027-05-03"
"INV00709","F048","Farmacia Economica Sur 48","Sur","P012","Amoxicilina 500mg","Cardiovasculares","4","27","1,6","Bajo","LOT-6395","2027-11-02"
"INV00710","F048","Farmacia Economica Sur 48","Sur","P078","Losartan 500mg","Respiratorios","17","26","6,8","Normal","LOT-8072","2029-03-08"
"INV00711","F048","Farmacia Economica Sur 48","Sur","P038","Vitamina C Plus","Respiratorios","32","26","12,8","Normal","LOT-1272","2029-04-18"
"INV00712","F048","Farmacia Economica Sur 48","Sur","P022","Paracetamol Forte","Respiratorios","8","27","3,2","Bajo","LOT-6613","2027-09-04"
"INV00713","F048","Farmacia Economica Sur 48","Sur","P108","Amoxicilina Forte","Cardiovasculares","16","19","6,4","Normal","LOT-7521","2029-08-01"
"INV00714","F048","Farmacia Economica Sur 48","Sur","P101","Loratadina 100mg","Analgesicos","36","21","14,4","Normal","LOT-5979","2028-05-11"
"INV00715","F048","Farmacia Economica Sur 48","Sur","P136","Amoxicilina Forte","Cardiovasculares","10","23","4","Bajo","LOT-8308","2029-04-25"
"INV00716","F048","Farmacia Economica Sur 48","Sur","P005","Loratadina 500mg","Cardiovasculares","77","22","30,8","Excedente","LOT-1993","2028-09-29"
"INV00717","F048","Farmacia Economica Sur 48","Sur","P147","Ibuprofeno 100mg","Cardiovasculares","26","24","10,4","Normal","LOT-7149","2028-10-05"
"INV00718","F048","Farmacia Economica Sur 48","Sur","P122","Loratadina Plus","Respiratorios","3","20","1,2","Critico","LOT-3687","2027-08-23"
"INV00719","F048","Farmacia Economica Sur 48","Sur","P116","Ibuprofeno Forte","Respiratorios","37","15","14,8","Normal","LOT-2760","2027-05-05"
"INV00720","F048","Farmacia Economica Sur 48","Sur","P021","Amoxicilina 500mg","Cardiovasculares","34","15","13,6","Normal","LOT-4583","2028-02-09"
"INV00721","F049","Farmacia Economica Centro 49","Centro","P048","Paracetamol 500mg","Analgesicos","7","17","2,8","Bajo","LOT-7375","2029-02-06"
"INV00722","F049","Farmacia Economica Centro 49","Centro","P025","Omeprazol 50mg","Respiratorios","14","20","5,6","Bajo","LOT-6774","2027-05-16"
"INV00723","F049","Farmacia Economica Centro 49","Centro","P053","Vitamina C 500mg","Cardiovasculares","11","23","4,4","Bajo","LOT-5324","2029-03-17"
"INV00724","F049","Farmacia Economica Centro 49","Centro","P140","Omeprazol Plus","Respiratorios","73","24","29,2","Excedente","LOT-1128","2027-09-12"
"INV00725","F049","Farmacia Economica Centro 49","Centro","P043","Omeprazol Forte","Analgesicos","22","18","8,8","Normal","LOT-2116","2029-06-14"
"INV00726","F049","Farmacia Economica Centro 49","Centro","P071","Paracetamol Plus","Respiratorios","38","23","15,2","Normal","LOT-1530","2029-09-06"
"INV00727","F049","Farmacia Economica Centro 49","Centro","P147","Ibuprofeno 100mg","Cardiovasculares","82","15","32,8","Excedente","LOT-5307","2028-10-05"
"INV00728","F049","Farmacia Economica Centro 49","Centro","P144","Paracetamol 100mg","Respiratorios","30","22","12","Normal","LOT-4772","2028-06-16"
"INV00729","F049","Farmacia Economica Centro 49","Centro","P047","Omeprazol Forte","Cardiovasculares","95","15","38","Excedente","LOT-8538","2028-12-29"
"INV00730","F049","Farmacia Economica Centro 49","Centro","P058","Aspirina Plus","Analgesicos","2","19","0,8","Critico","LOT-9918","2027-06-06"
"INV00731","F049","Farmacia Economica Centro 49","Centro","P116","Ibuprofeno Forte","Respiratorios","14","27","5,6","Bajo","LOT-2628","2027-05-05"
"INV00732","F049","Farmacia Economica Centro 49","Centro","P084","Ibuprofeno 50mg","Cardiovasculares","21","28","8,4","Normal","LOT-9247","2028-05-08"
"INV00733","F049","Farmacia Economica Centro 49","Centro","P106","Paracetamol 500mg","Respiratorios","18","28","7,2","Normal","LOT-4064","2029-03-17"
"INV00734","F049","Farmacia Economica Centro 49","Centro","P022","Paracetamol Forte","Respiratorios","7","22","2,8","Bajo","LOT-5834","2027-09-04"
"INV00735","F049","Farmacia Economica Centro 49","Centro","P029","Aspirina 500mg","Analgesicos","25","20","10","Normal","LOT-2861","2028-10-12"
"INV00736","F050","Farmacia Economica Valles 50","Valles","P029","Aspirina 500mg","Analgesicos","2","26","0,8","Critico","LOT-3443","2028-10-12"
"INV00737","F050","Farmacia Economica Valles 50","Valles","P081","Losartan 100mg","Respiratorios","3","17","1,2","Critico","LOT-4182","2027-05-01"
"INV00738","F050","Farmacia Economica Valles 50","Valles","P144","Paracetamol 100mg","Respiratorios","9","22","3,6","Bajo","LOT-2773","2028-06-16"
"INV00739","F050","Farmacia Economica Valles 50","Valles","P078","Losartan 500mg","Respiratorios","44","29","17,6","Normal","LOT-8351","2029-03-08"
"INV00740","F050","Farmacia Economica Valles 50","Valles","P147","Ibuprofeno 100mg","Cardiovasculares","44","29","17,6","Normal","LOT-1745","2028-10-05"
"INV00741","F050","Farmacia Economica Valles 50","Valles","P139","Loratadina 500mg","Respiratorios","2","29","0,8","Critico","LOT-3022","2028-10-14"
"INV00742","F050","Farmacia Economica Valles 50","Valles","P097","Vitamina C 500mg","Analgesicos","23","28","9,2","Normal","LOT-5439","2028-06-22"
"INV00743","F050","Farmacia Economica Valles 50","Valles","P056","Vitamina C 100mg","Cardiovasculares","8","23","3,2","Bajo","LOT-3091","2028-05-06"
"INV00744","F050","Farmacia Economica Valles 50","Valles","P091","Ibuprofeno 100mg","Analgesicos","13","23","5,2","Bajo","LOT-7041","2027-05-07"
"INV00745","F050","Farmacia Economica Valles 50","Valles","P020","Amoxicilina Plus","Analgesicos","25","23","10","Normal","LOT-8540","2029-05-16"
"INV00746","F050","Farmacia Economica Valles 50","Valles","P043","Omeprazol Forte","Analgesicos","25","23","10","Normal","LOT-7621","2029-06-14"
"INV00747","F050","Farmacia Economica Valles 50","Valles","P012","Amoxicilina 500mg","Cardiovasculares","27","26","10,8","Normal","LOT-7709","2027-11-02"
"INV00748","F050","Farmacia Economica Valles 50","Valles","P035","Vitamina C 50mg","Cardiovasculares","9","23","3,6","Bajo","LOT-7024","2028-10-14"
"INV00749","F050","Farmacia Economica Valles 50","Valles","P120","Aspirina Forte","Analgesicos","36","24","14,4","Normal","LOT-6250","2028-03-05"
"INV00750","F050","Farmacia Economica Valles 50","Valles","P092","Vitamina C Forte","Respiratorios","22","24","8,8","Normal","LOT-5545","2028-09-17"
"INV00751","F051","Farmacia Economica Quitumbe 51","Quitumbe","P135","Amoxicilina Plus","Respiratorios","28","19","11,2","Normal","LOT-8632","2028-11-26"
"INV00752","F051","Farmacia Economica Quitumbe 51","Quitumbe","P124","Paracetamol 500mg","Respiratorios","0","22","0","Agotado","LOT-5447","2027-06-23"
"INV00753","F051","Farmacia Economica Quitumbe 51","Quitumbe","P058","Aspirina Plus","Analgesicos","10","21","4","Bajo","LOT-9937","2027-06-06"
"INV00754","F051","Farmacia Economica Quitumbe 51","Quitumbe","P150","Loratadina 100mg","Analgesicos","11","17","4,4","Bajo","LOT-4271","2029-09-07"
"INV00755","F051","Farmacia Economica Quitumbe 51","Quitumbe","P077","Ibuprofeno 50mg","Analgesicos","16","28","6,4","Normal","LOT-1959","2028-10-12"
"INV00756","F051","Farmacia Economica Quitumbe 51","Quitumbe","P012","Amoxicilina 500mg","Cardiovasculares","10","21","4","Bajo","LOT-7847","2027-11-02"
"INV00757","F051","Farmacia Economica Quitumbe 51","Quitumbe","P071","Paracetamol Plus","Respiratorios","12","15","4,8","Bajo","LOT-6313","2029-09-06"
"INV00758","F051","Farmacia Economica Quitumbe 51","Quitumbe","P020","Amoxicilina Plus","Analgesicos","14","24","5,6","Bajo","LOT-4667","2029-05-16"
"INV00759","F051","Farmacia Economica Quitumbe 51","Quitumbe","P034","Amoxicilina Forte","Analgesicos","3","27","1,2","Critico","LOT-6237","2028-09-20"
"INV00760","F051","Farmacia Economica Quitumbe 51","Quitumbe","P047","Omeprazol Forte","Cardiovasculares","0","29","0","Agotado","LOT-3168","2028-12-29"
"INV00761","F051","Farmacia Economica Quitumbe 51","Quitumbe","P036","Ibuprofeno 100mg","Analgesicos","20","28","8","Normal","LOT-3023","2028-12-27"
"INV00762","F051","Farmacia Economica Quitumbe 51","Quitumbe","P092","Vitamina C Forte","Respiratorios","21","24","8,4","Normal","LOT-1927","2028-09-17"
"INV00763","F051","Farmacia Economica Quitumbe 51","Quitumbe","P091","Ibuprofeno 100mg","Analgesicos","7","25","2,8","Bajo","LOT-6466","2027-05-07"
"INV00764","F051","Farmacia Economica Quitumbe 51","Quitumbe","P133","Losartan 100mg","Respiratorios","3","25","1,2","Critico","LOT-9595","2028-01-03"
"INV00765","F051","Farmacia Economica Quitumbe 51","Quitumbe","P060","Omeprazol Forte","Analgesicos","7","16","2,8","Bajo","LOT-9613","2029-03-29"
"INV00766","F052","Farmacia Economica San Rafael 52","San Rafael","P009","Vitamina C Plus","Cardiovasculares","39","19","15,6","Normal","LOT-2177","2029-06-04"
"INV00767","F052","Farmacia Economica San Rafael 52","San Rafael","P034","Amoxicilina Forte","Analgesicos","71","17","28,4","Excedente","LOT-9416","2028-09-20"
"INV00768","F052","Farmacia Economica San Rafael 52","San Rafael","P049","Ibuprofeno 100mg","Cardiovasculares","4","24","1,6","Bajo","LOT-6548","2027-11-08"
"INV00769","F052","Farmacia Economica San Rafael 52","San Rafael","P077","Ibuprofeno 50mg","Analgesicos","41","29","16,4","Normal","LOT-8417","2028-10-12"
"INV00770","F052","Farmacia Economica San Rafael 52","San Rafael","P143","Aspirina 500mg","Analgesicos","23","28","9,2","Normal","LOT-9803","2027-09-03"
"INV00771","F052","Farmacia Economica San Rafael 52","San Rafael","P001","Losartan 100mg","Respiratorios","9","29","3,6","Bajo","LOT-6552","2029-05-25"
"INV00772","F052","Farmacia Economica San Rafael 52","San Rafael","P142","Losartan 50mg","Cardiovasculares","4","21","1,6","Bajo","LOT-3313","2028-12-20"
"INV00773","F052","Farmacia Economica San Rafael 52","San Rafael","P120","Aspirina Forte","Analgesicos","41","28","16,4","Normal","LOT-7557","2028-03-05"
"INV00774","F052","Farmacia Economica San Rafael 52","San Rafael","P026","Amoxicilina 500mg","Respiratorios","35","24","14","Normal","LOT-4288","2029-04-07"
"INV00775","F052","Farmacia Economica San Rafael 52","San Rafael","P012","Amoxicilina 500mg","Cardiovasculares","77","25","30,8","Excedente","LOT-4192","2027-11-02"
"INV00776","F052","Farmacia Economica San Rafael 52","San Rafael","P096","Losartan 50mg","Analgesicos","33","28","13,2","Normal","LOT-4668","2028-02-17"
"INV00777","F052","Farmacia Economica San Rafael 52","San Rafael","P059","Omeprazol 50mg","Cardiovasculares","95","27","38","Excedente","LOT-6473","2028-09-28"
"INV00778","F052","Farmacia Economica San Rafael 52","San Rafael","P051","Ibuprofeno 500mg","Respiratorios","12","17","4,8","Bajo","LOT-6238","2029-01-17"
"INV00779","F052","Farmacia Economica San Rafael 52","San Rafael","P020","Amoxicilina Plus","Analgesicos","12","29","4,8","Bajo","LOT-8000","2029-05-16"
"INV00780","F052","Farmacia Economica San Rafael 52","San Rafael","P027","Paracetamol 500mg","Respiratorios","33","15","13,2","Normal","LOT-7664","2028-07-05"
"INV00781","F053","Farmacia Economica Quitumbe 53","Quitumbe","P096","Losartan 50mg","Analgesicos","35","19","14","Normal","LOT-7336","2028-02-17"
"INV00782","F053","Farmacia Economica Quitumbe 53","Quitumbe","P141","Paracetamol 50mg","Respiratorios","1","23","0,4","Critico","LOT-9519","2029-08-05"
"INV00783","F053","Farmacia Economica Quitumbe 53","Quitumbe","P072","Loratadina Forte","Cardiovasculares","10","28","4","Bajo","LOT-7630","2029-01-01"
"INV00784","F053","Farmacia Economica Quitumbe 53","Quitumbe","P091","Ibuprofeno 100mg","Analgesicos","28","24","11,2","Normal","LOT-2378","2027-05-07"
"INV00785","F053","Farmacia Economica Quitumbe 53","Quitumbe","P078","Losartan 500mg","Respiratorios","11","24","4,4","Bajo","LOT-7928","2029-03-08"
"INV00786","F053","Farmacia Economica Quitumbe 53","Quitumbe","P029","Aspirina 500mg","Analgesicos","37","22","14,8","Normal","LOT-7675","2028-10-12"
"INV00787","F053","Farmacia Economica Quitumbe 53","Quitumbe","P022","Paracetamol Forte","Respiratorios","24","15","9,6","Normal","LOT-4612","2027-09-04"
"INV00788","F053","Farmacia Economica Quitumbe 53","Quitumbe","P115","Vitamina C 500mg","Analgesicos","9","15","3,6","Bajo","LOT-9980","2028-02-03"
"INV00789","F053","Farmacia Economica Quitumbe 53","Quitumbe","P132","Amoxicilina 100mg","Respiratorios","18","27","7,2","Normal","LOT-7316","2029-09-29"
"INV00790","F053","Farmacia Economica Quitumbe 53","Quitumbe","P147","Ibuprofeno 100mg","Cardiovasculares","44","19","17,6","Normal","LOT-7837","2028-10-05"
"INV00791","F053","Farmacia Economica Quitumbe 53","Quitumbe","P012","Amoxicilina 500mg","Cardiovasculares","28","29","11,2","Normal","LOT-4311","2027-11-02"
"INV00792","F053","Farmacia Economica Quitumbe 53","Quitumbe","P021","Amoxicilina 500mg","Cardiovasculares","10","21","4","Bajo","LOT-4579","2028-02-09"
"INV00793","F053","Farmacia Economica Quitumbe 53","Quitumbe","P106","Paracetamol 500mg","Respiratorios","3","23","1,2","Critico","LOT-8472","2029-03-17"
"INV00794","F053","Farmacia Economica Quitumbe 53","Quitumbe","P025","Omeprazol 50mg","Respiratorios","43","25","17,2","Normal","LOT-5707","2027-05-16"
"INV00795","F053","Farmacia Economica Quitumbe 53","Quitumbe","P114","Aspirina Forte","Cardiovasculares","8","17","3,2","Bajo","LOT-4186","2027-07-06"
"INV00796","F054","Farmacia Economica Sur 54","Sur","P129","Aspirina 50mg","Cardiovasculares","35","22","14","Normal","LOT-2123","2029-05-12"
"INV00797","F054","Farmacia Economica Sur 54","Sur","P022","Paracetamol Forte","Respiratorios","10","15","4","Bajo","LOT-6673","2027-09-04"
"INV00798","F054","Farmacia Economica Sur 54","Sur","P123","Paracetamol Plus","Analgesicos","6","23","2,4","Bajo","LOT-5340","2028-02-23"
"INV00799","F054","Farmacia Economica Sur 54","Sur","P101","Loratadina 100mg","Analgesicos","22","16","8,8","Normal","LOT-2803","2028-05-11"
"INV00800","F054","Farmacia Economica Sur 54","Sur","P058","Aspirina Plus","Analgesicos","44","19","17,6","Normal","LOT-2581","2027-06-06"
"INV00801","F054","Farmacia Economica Sur 54","Sur","P133","Losartan 100mg","Respiratorios","27","20","10,8","Normal","LOT-2074","2028-01-03"
"INV00802","F054","Farmacia Economica Sur 54","Sur","P013","Omeprazol Plus","Respiratorios","24","18","9,6","Normal","LOT-9434","2027-11-16"
"INV00803","F054","Farmacia Economica Sur 54","Sur","P092","Vitamina C Forte","Respiratorios","1","19","0,4","Critico","LOT-4629","2028-09-17"
"INV00804","F054","Farmacia Economica Sur 54","Sur","P110","Loratadina 100mg","Analgesicos","0","18","0","Agotado","LOT-5174","2029-04-06"
"INV00805","F054","Farmacia Economica Sur 54","Sur","P043","Omeprazol Forte","Analgesicos","2","23","0,8","Critico","LOT-3210","2029-06-14"
"INV00806","F054","Farmacia Economica Sur 54","Sur","P116","Ibuprofeno Forte","Respiratorios","45","18","18","Normal","LOT-6520","2027-05-05"
"INV00807","F054","Farmacia Economica Sur 54","Sur","P004","Aspirina 50mg","Respiratorios","16","19","6,4","Normal","LOT-4526","2028-12-05"
"INV00808","F054","Farmacia Economica Sur 54","Sur","P025","Omeprazol 50mg","Respiratorios","37","16","14,8","Normal","LOT-9851","2027-05-16"
"INV00809","F054","Farmacia Economica Sur 54","Sur","P071","Paracetamol Plus","Respiratorios","3","15","1,2","Critico","LOT-7692","2029-09-06"
"INV00810","F054","Farmacia Economica Sur 54","Sur","P081","Losartan 100mg","Respiratorios","1","24","0,4","Critico","LOT-6610","2027-05-01"
"INV00811","F055","Farmacia Economica Sur 55","Sur","P012","Amoxicilina 500mg","Cardiovasculares","12","18","4,8","Bajo","LOT-3515","2027-11-02"
"INV00812","F055","Farmacia Economica Sur 55","Sur","P058","Aspirina Plus","Analgesicos","17","17","6,8","Normal","LOT-4431","2027-06-06"
"INV00813","F055","Farmacia Economica Sur 55","Sur","P132","Amoxicilina 100mg","Respiratorios","11","22","4,4","Bajo","LOT-2549","2029-09-29"
"INV00814","F055","Farmacia Economica Sur 55","Sur","P061","Vitamina C 500mg","Respiratorios","24","28","9,6","Normal","LOT-3183","2027-11-08"
"INV00815","F055","Farmacia Economica Sur 55","Sur","P081","Losartan 100mg","Respiratorios","81","16","32,4","Excedente","LOT-6719","2027-05-01"
"INV00816","F055","Farmacia Economica Sur 55","Sur","P056","Vitamina C 100mg","Cardiovasculares","66","23","26,4","Excedente","LOT-6641","2028-05-06"
"INV00817","F055","Farmacia Economica Sur 55","Sur","P026","Amoxicilina 500mg","Respiratorios","19","28","7,6","Normal","LOT-4900","2029-04-07"
"INV00818","F055","Farmacia Economica Sur 55","Sur","P004","Aspirina 50mg","Respiratorios","1","22","0,4","Critico","LOT-4289","2028-12-05"
"INV00819","F055","Farmacia Economica Sur 55","Sur","P075","Paracetamol 50mg","Analgesicos","20","21","8","Normal","LOT-1664","2028-04-13"
"INV00820","F055","Farmacia Economica Sur 55","Sur","P142","Losartan 50mg","Cardiovasculares","6","26","2,4","Bajo","LOT-8637","2028-12-20"
"INV00821","F055","Farmacia Economica Sur 55","Sur","P029","Aspirina 500mg","Analgesicos","9","27","3,6","Bajo","LOT-5710","2028-10-12"
"INV00822","F055","Farmacia Economica Sur 55","Sur","P013","Omeprazol Plus","Respiratorios","60","27","24","Excedente","LOT-3493","2027-11-16"
"INV00823","F055","Farmacia Economica Sur 55","Sur","P110","Loratadina 100mg","Analgesicos","12","25","4,8","Bajo","LOT-4435","2029-04-06"
"INV00824","F055","Farmacia Economica Sur 55","Sur","P143","Aspirina 500mg","Analgesicos","13","16","5,2","Bajo","LOT-8059","2027-09-03"
"INV00825","F055","Farmacia Economica Sur 55","Sur","P048","Paracetamol 500mg","Analgesicos","0","29","0","Agotado","LOT-7446","2029-02-06"
"INV00826","F056","Farmacia Economica Carapungo 56","Carapungo","P049","Ibuprofeno 100mg","Cardiovasculares","13","24","5,2","Bajo","LOT-4541","2027-11-08"
"INV00827","F056","Farmacia Economica Carapungo 56","Carapungo","P011","Aspirina Forte","Analgesicos","28","22","11,2","Normal","LOT-9805","2029-07-06"
"INV00828","F056","Farmacia Economica Carapungo 56","Carapungo","P060","Omeprazol Forte","Analgesicos","75","17","30","Excedente","LOT-2044","2029-03-29"
"INV00829","F056","Farmacia Economica Carapungo 56","Carapungo","P009","Vitamina C Plus","Cardiovasculares","0","19","0","Agotado","LOT-6761","2029-06-04"
"INV00830","F056","Farmacia Economica Carapungo 56","Carapungo","P122","Loratadina Plus","Respiratorios","12","16","4,8","Bajo","LOT-8861","2027-08-23"
"INV00831","F056","Farmacia Economica Carapungo 56","Carapungo","P034","Amoxicilina Forte","Analgesicos","40","22","16","Normal","LOT-8402","2028-09-20"
"INV00832","F056","Farmacia Economica Carapungo 56","Carapungo","P150","Loratadina 100mg","Analgesicos","36","22","14,4","Normal","LOT-3036","2029-09-07"
"INV00833","F056","Farmacia Economica Carapungo 56","Carapungo","P123","Paracetamol Plus","Analgesicos","10","20","4","Bajo","LOT-9353","2028-02-23"
"INV00834","F056","Farmacia Economica Carapungo 56","Carapungo","P019","Paracetamol 100mg","Respiratorios","13","24","5,2","Bajo","LOT-2111","2027-04-09"
"INV00835","F056","Farmacia Economica Carapungo 56","Carapungo","P132","Amoxicilina 100mg","Respiratorios","36","16","14,4","Normal","LOT-2248","2029-09-29"
"INV00836","F056","Farmacia Economica Carapungo 56","Carapungo","P078","Losartan 500mg","Respiratorios","0","20","0","Agotado","LOT-7356","2029-03-08"
"INV00837","F056","Farmacia Economica Carapungo 56","Carapungo","P146","Paracetamol 100mg","Respiratorios","26","28","10,4","Normal","LOT-4942","2028-02-14"
"INV00838","F056","Farmacia Economica Carapungo 56","Carapungo","P017","Vitamina C 100mg","Analgesicos","29","24","11,6","Normal","LOT-6769","2028-12-07"
"INV00839","F056","Farmacia Economica Carapungo 56","Carapungo","P096","Losartan 50mg","Analgesicos","21","17","8,4","Normal","LOT-9581","2028-02-17"
"INV00840","F056","Farmacia Economica Carapungo 56","Carapungo","P026","Amoxicilina 500mg","Respiratorios","6","19","2,4","Bajo","LOT-9768","2029-04-07"
"INV00841","F057","Farmacia Economica Sur 57","Sur","P026","Amoxicilina 500mg","Respiratorios","60","19","24","Excedente","LOT-8269","2029-04-07"
"INV00842","F057","Farmacia Economica Sur 57","Sur","P092","Vitamina C Forte","Respiratorios","33","15","13,2","Normal","LOT-4070","2028-09-17"
"INV00843","F057","Farmacia Economica Sur 57","Sur","P075","Paracetamol 50mg","Analgesicos","20","21","8","Normal","LOT-8628","2028-04-13"
"INV00844","F057","Farmacia Economica Sur 57","Sur","P007","Ibuprofeno 50mg","Cardiovasculares","11","18","4,4","Bajo","LOT-9911","2028-01-13"
"INV00845","F057","Farmacia Economica Sur 57","Sur","P059","Omeprazol 50mg","Cardiovasculares","32","18","12,8","Normal","LOT-6434","2028-09-28"
"INV00846","F057","Farmacia Economica Sur 57","Sur","P110","Loratadina 100mg","Analgesicos","16","26","6,4","Normal","LOT-5574","2029-04-06"
"INV00847","F057","Farmacia Economica Sur 57","Sur","P027","Paracetamol 500mg","Respiratorios","4","19","1,6","Bajo","LOT-4342","2028-07-05"
"INV00848","F057","Farmacia Economica Sur 57","Sur","P038","Vitamina C Plus","Respiratorios","24","15","9,6","Normal","LOT-3815","2029-04-18"
"INV00849","F057","Farmacia Economica Sur 57","Sur","P019","Paracetamol 100mg","Respiratorios","44","29","17,6","Normal","LOT-9959","2027-04-09"
"INV00850","F057","Farmacia Economica Sur 57","Sur","P084","Ibuprofeno 50mg","Cardiovasculares","5","19","2","Bajo","LOT-4020","2028-05-08"
"INV00851","F057","Farmacia Economica Sur 57","Sur","P081","Losartan 100mg","Respiratorios","22","22","8,8","Normal","LOT-5491","2027-05-01"
"INV00852","F057","Farmacia Economica Sur 57","Sur","P123","Paracetamol Plus","Analgesicos","87","22","34,8","Excedente","LOT-6051","2028-02-23"
"INV00853","F057","Farmacia Economica Sur 57","Sur","P119","Amoxicilina 50mg","Analgesicos","83","15","33,2","Excedente","LOT-1031","2028-07-21"
"INV00854","F057","Farmacia Economica Sur 57","Sur","P077","Ibuprofeno 50mg","Analgesicos","19","17","7,6","Normal","LOT-7227","2028-10-12"
"INV00855","F057","Farmacia Economica Sur 57","Sur","P114","Aspirina Forte","Cardiovasculares","18","28","7,2","Normal","LOT-4792","2027-07-06"
"INV00856","F058","Farmacia Economica Norte 58","Norte","P021","Amoxicilina 500mg","Cardiovasculares","28","25","11,2","Normal","LOT-8289","2028-02-09"
"INV00857","F058","Farmacia Economica Norte 58","Norte","P029","Aspirina 500mg","Analgesicos","25","18","10","Normal","LOT-8982","2028-10-12"
"INV00858","F058","Farmacia Economica Norte 58","Norte","P114","Aspirina Forte","Cardiovasculares","94","25","37,6","Excedente","LOT-3851","2027-07-06"
"INV00859","F058","Farmacia Economica Norte 58","Norte","P047","Omeprazol Forte","Cardiovasculares","38","22","15,2","Normal","LOT-3316","2028-12-29"
"INV00860","F058","Farmacia Economica Norte 58","Norte","P144","Paracetamol 100mg","Respiratorios","28","22","11,2","Normal","LOT-2549","2028-06-16"
"INV00861","F058","Farmacia Economica Norte 58","Norte","P145","Amoxicilina Forte","Cardiovasculares","25","17","10","Normal","LOT-3684","2028-07-14"
"INV00862","F058","Farmacia Economica Norte 58","Norte","P073","Paracetamol 500mg","Respiratorios","25","25","10","Normal","LOT-6869","2029-10-04"
"INV00863","F058","Farmacia Economica Norte 58","Norte","P106","Paracetamol 500mg","Respiratorios","77","23","30,8","Excedente","LOT-6646","2029-03-17"
"INV00864","F058","Farmacia Economica Norte 58","Norte","P009","Vitamina C Plus","Cardiovasculares","29","28","11,6","Normal","LOT-8374","2029-06-04"
"INV00865","F058","Farmacia Economica Norte 58","Norte","P012","Amoxicilina 500mg","Cardiovasculares","20","21","8","Normal","LOT-2462","2027-11-02"
"INV00866","F058","Farmacia Economica Norte 58","Norte","P096","Losartan 50mg","Analgesicos","30","19","12","Normal","LOT-6218","2028-02-17"
"INV00867","F058","Farmacia Economica Norte 58","Norte","P066","Losartan 100mg","Cardiovasculares","18","18","7,2","Normal","LOT-2348","2028-11-30"
"INV00868","F058","Farmacia Economica Norte 58","Norte","P127","Paracetamol 500mg","Analgesicos","24","28","9,6","Normal","LOT-8009","2027-06-01"
"INV00869","F058","Farmacia Economica Norte 58","Norte","P004","Aspirina 50mg","Respiratorios","38","15","15,2","Normal","LOT-1973","2028-12-05"
"INV00870","F058","Farmacia Economica Norte 58","Norte","P101","Loratadina 100mg","Analgesicos","39","27","15,6","Normal","LOT-9765","2028-05-11"
"INV00871","F059","Farmacia Economica Cumbaya 59","Cumbaya","P014","Aspirina 100mg","Analgesicos","45","16","18","Normal","LOT-4265","2028-12-29"
"INV00872","F059","Farmacia Economica Cumbaya 59","Cumbaya","P072","Loratadina Forte","Cardiovasculares","14","26","5,6","Bajo","LOT-3488","2029-01-01"
"INV00873","F059","Farmacia Economica Cumbaya 59","Cumbaya","P025","Omeprazol 50mg","Respiratorios","9","19","3,6","Bajo","LOT-5640","2027-05-16"
"INV00874","F059","Farmacia Economica Cumbaya 59","Cumbaya","P043","Omeprazol Forte","Analgesicos","29","28","11,6","Normal","LOT-8211","2029-06-14"
"INV00875","F059","Farmacia Economica Cumbaya 59","Cumbaya","P120","Aspirina Forte","Analgesicos","3","22","1,2","Critico","LOT-1125","2028-03-05"
"INV00876","F059","Farmacia Economica Cumbaya 59","Cumbaya","P078","Losartan 500mg","Respiratorios","45","17","18","Normal","LOT-3723","2029-03-08"
"INV00877","F059","Farmacia Economica Cumbaya 59","Cumbaya","P029","Aspirina 500mg","Analgesicos","37","21","14,8","Normal","LOT-4393","2028-10-12"
"INV00878","F059","Farmacia Economica Cumbaya 59","Cumbaya","P148","Losartan Plus","Cardiovasculares","71","16","28,4","Excedente","LOT-2122","2029-06-24"
"INV00879","F059","Farmacia Economica Cumbaya 59","Cumbaya","P016","Losartan 500mg","Analgesicos","82","23","32,8","Excedente","LOT-4214","2029-09-14"
"INV00880","F059","Farmacia Economica Cumbaya 59","Cumbaya","P114","Aspirina Forte","Cardiovasculares","5","26","2","Bajo","LOT-4762","2027-07-06"
"INV00881","F059","Farmacia Economica Cumbaya 59","Cumbaya","P019","Paracetamol 100mg","Respiratorios","35","23","14","Normal","LOT-3305","2027-04-09"
"INV00882","F059","Farmacia Economica Cumbaya 59","Cumbaya","P026","Amoxicilina 500mg","Respiratorios","7","25","2,8","Bajo","LOT-3841","2029-04-07"
"INV00883","F059","Farmacia Economica Cumbaya 59","Cumbaya","P004","Aspirina 50mg","Respiratorios","2","27","0,8","Critico","LOT-9876","2028-12-05"
"INV00884","F059","Farmacia Economica Cumbaya 59","Cumbaya","P145","Amoxicilina Forte","Cardiovasculares","8","21","3,2","Bajo","LOT-3346","2028-07-14"
"INV00885","F059","Farmacia Economica Cumbaya 59","Cumbaya","P133","Losartan 100mg","Respiratorios","45","23","18","Normal","LOT-3178","2028-01-03"
"INV00886","F060","Farmacia Economica Cumbaya 60","Cumbaya","P115","Vitamina C 500mg","Analgesicos","30","25","12","Normal","LOT-3406","2028-02-03"
"INV00887","F060","Farmacia Economica Cumbaya 60","Cumbaya","P073","Paracetamol 500mg","Respiratorios","0","21","0","Agotado","LOT-4815","2029-10-04"
"INV00888","F060","Farmacia Economica Cumbaya 60","Cumbaya","P018","Amoxicilina Forte","Respiratorios","37","17","14,8","Normal","LOT-4261","2027-11-30"
"INV00889","F060","Farmacia Economica Cumbaya 60","Cumbaya","P123","Paracetamol Plus","Analgesicos","79","28","31,6","Excedente","LOT-9154","2028-02-23"
"INV00890","F060","Farmacia Economica Cumbaya 60","Cumbaya","P059","Omeprazol 50mg","Cardiovasculares","3","15","1,2","Critico","LOT-5955","2028-09-28"
"INV00891","F060","Farmacia Economica Cumbaya 60","Cumbaya","P060","Omeprazol Forte","Analgesicos","0","19","0","Agotado","LOT-4364","2029-03-29"
"INV00892","F060","Farmacia Economica Cumbaya 60","Cumbaya","P066","Losartan 100mg","Cardiovasculares","8","19","3,2","Bajo","LOT-9786","2028-11-30"
"INV00893","F060","Farmacia Economica Cumbaya 60","Cumbaya","P036","Ibuprofeno 100mg","Analgesicos","14","23","5,6","Bajo","LOT-2202","2028-12-27"
"INV00894","F060","Farmacia Economica Cumbaya 60","Cumbaya","P019","Paracetamol 100mg","Respiratorios","36","29","14,4","Normal","LOT-7198","2027-04-09"
"INV00895","F060","Farmacia Economica Cumbaya 60","Cumbaya","P148","Losartan Plus","Cardiovasculares","27","28","10,8","Normal","LOT-9331","2029-06-24"
"INV00896","F060","Farmacia Economica Cumbaya 60","Cumbaya","P091","Ibuprofeno 100mg","Analgesicos","7","25","2,8","Bajo","LOT-8789","2027-05-07"
"INV00897","F060","Farmacia Economica Cumbaya 60","Cumbaya","P145","Amoxicilina Forte","Cardiovasculares","35","21","14","Normal","LOT-4826","2028-07-14"
"INV00898","F060","Farmacia Economica Cumbaya 60","Cumbaya","P101","Loratadina 100mg","Analgesicos","2","27","0,8","Critico","LOT-8466","2028-05-11"
"INV00899","F060","Farmacia Economica Cumbaya 60","Cumbaya","P140","Omeprazol Plus","Respiratorios","82","24","32,8","Excedente","LOT-4096","2027-09-12"
"INV00900","F060","Farmacia Economica Cumbaya 60","Cumbaya","P048","Paracetamol 500mg","Analgesicos","1","27","0,4","Critico","LOT-9709","2029-02-06"
"INV00901","F061","Farmacia Economica Cumbaya 61","Cumbaya","P081","Losartan 100mg","Respiratorios","26","18","10,4","Normal","LOT-6303","2027-05-01"
"INV00902","F061","Farmacia Economica Cumbaya 61","Cumbaya","P049","Ibuprofeno 100mg","Cardiovasculares","33","18","13,2","Normal","LOT-7038","2027-11-08"
"INV00903","F061","Farmacia Economica Cumbaya 61","Cumbaya","P060","Omeprazol Forte","Analgesicos","24","27","9,6","Normal","LOT-3485","2029-03-29"
"INV00904","F061","Farmacia Economica Cumbaya 61","Cumbaya","P058","Aspirina Plus","Analgesicos","83","16","33,2","Excedente","LOT-5018","2027-06-06"
"INV00905","F061","Farmacia Economica Cumbaya 61","Cumbaya","P139","Loratadina 500mg","Respiratorios","50","28","20","Excedente","LOT-5468","2028-10-14"
"INV00906","F061","Farmacia Economica Cumbaya 61","Cumbaya","P106","Paracetamol 500mg","Respiratorios","33","28","13,2","Normal","LOT-7908","2029-03-17"
"INV00907","F061","Farmacia Economica Cumbaya 61","Cumbaya","P092","Vitamina C Forte","Respiratorios","2","23","0,8","Critico","LOT-5083","2028-09-17"
"INV00908","F061","Farmacia Economica Cumbaya 61","Cumbaya","P078","Losartan 500mg","Respiratorios","14","20","5,6","Bajo","LOT-7275","2029-03-08"
"INV00909","F061","Farmacia Economica Cumbaya 61","Cumbaya","P127","Paracetamol 500mg","Analgesicos","9","28","3,6","Bajo","LOT-6862","2027-06-01"
"INV00910","F061","Farmacia Economica Cumbaya 61","Cumbaya","P053","Vitamina C 500mg","Cardiovasculares","34","20","13,6","Normal","LOT-9325","2029-03-17"
"INV00911","F061","Farmacia Economica Cumbaya 61","Cumbaya","P061","Vitamina C 500mg","Respiratorios","33","28","13,2","Normal","LOT-7342","2027-11-08"
"INV00912","F061","Farmacia Economica Cumbaya 61","Cumbaya","P043","Omeprazol Forte","Analgesicos","14","18","5,6","Bajo","LOT-1872","2029-06-14"
"INV00913","F061","Farmacia Economica Cumbaya 61","Cumbaya","P031","Omeprazol Forte","Respiratorios","25","21","10","Normal","LOT-7622","2028-03-21"
"INV00914","F061","Farmacia Economica Cumbaya 61","Cumbaya","P011","Aspirina Forte","Analgesicos","26","20","10,4","Normal","LOT-1354","2029-07-06"
"INV00915","F061","Farmacia Economica Cumbaya 61","Cumbaya","P001","Losartan 100mg","Respiratorios","11","20","4,4","Bajo","LOT-9570","2029-05-25"
"INV00916","F062","Farmacia Economica Quitumbe 62","Quitumbe","P119","Amoxicilina 50mg","Analgesicos","5","28","2","Bajo","LOT-6769","2028-07-21"
"INV00917","F062","Farmacia Economica Quitumbe 62","Quitumbe","P098","Aspirina 100mg","Cardiovasculares","19","23","7,6","Normal","LOT-3703","2029-05-24"
"INV00918","F062","Farmacia Economica Quitumbe 62","Quitumbe","P096","Losartan 50mg","Analgesicos","1","29","0,4","Critico","LOT-5991","2028-02-17"
"INV00919","F062","Farmacia Economica Quitumbe 62","Quitumbe","P145","Amoxicilina Forte","Cardiovasculares","3","25","1,2","Critico","LOT-9779","2028-07-14"
"INV00920","F062","Farmacia Economica Quitumbe 62","Quitumbe","P110","Loratadina 100mg","Analgesicos","25","23","10","Normal","LOT-3003","2029-04-06"
"INV00921","F062","Farmacia Economica Quitumbe 62","Quitumbe","P115","Vitamina C 500mg","Analgesicos","12","17","4,8","Bajo","LOT-6966","2028-02-03"
"INV00922","F062","Farmacia Economica Quitumbe 62","Quitumbe","P038","Vitamina C Plus","Respiratorios","57","22","22,8","Excedente","LOT-1495","2029-04-18"
"INV00923","F062","Farmacia Economica Quitumbe 62","Quitumbe","P018","Amoxicilina Forte","Respiratorios","76","24","30,4","Excedente","LOT-3964","2027-11-30"
"INV00924","F062","Farmacia Economica Quitumbe 62","Quitumbe","P017","Vitamina C 100mg","Analgesicos","18","23","7,2","Normal","LOT-6478","2028-12-07"
"INV00925","F062","Farmacia Economica Quitumbe 62","Quitumbe","P078","Losartan 500mg","Respiratorios","11","18","4,4","Bajo","LOT-7455","2029-03-08"
"INV00926","F062","Farmacia Economica Quitumbe 62","Quitumbe","P136","Amoxicilina Forte","Cardiovasculares","72","24","28,8","Excedente","LOT-6787","2029-04-25"
"INV00927","F062","Farmacia Economica Quitumbe 62","Quitumbe","P031","Omeprazol Forte","Respiratorios","1","25","0,4","Critico","LOT-7642","2028-03-21"
"INV00928","F062","Farmacia Economica Quitumbe 62","Quitumbe","P071","Paracetamol Plus","Respiratorios","0","18","0","Agotado","LOT-7125","2029-09-06"
"INV00929","F062","Farmacia Economica Quitumbe 62","Quitumbe","P043","Omeprazol Forte","Analgesicos","3","22","1,2","Critico","LOT-9588","2029-06-14"
"INV00930","F062","Farmacia Economica Quitumbe 62","Quitumbe","P053","Vitamina C 500mg","Cardiovasculares","32","20","12,8","Normal","LOT-4640","2029-03-17"
"INV00931","F063","Farmacia Economica Quitumbe 63","Quitumbe","P060","Omeprazol Forte","Analgesicos","11","23","4,4","Bajo","LOT-7635","2029-03-29"
"INV00932","F063","Farmacia Economica Quitumbe 63","Quitumbe","P077","Ibuprofeno 50mg","Analgesicos","43","27","17,2","Normal","LOT-1669","2028-10-12"
"INV00933","F063","Farmacia Economica Quitumbe 63","Quitumbe","P022","Paracetamol Forte","Respiratorios","27","28","10,8","Normal","LOT-9360","2027-09-04"
"INV00934","F063","Farmacia Economica Quitumbe 63","Quitumbe","P098","Aspirina 100mg","Cardiovasculares","52","23","20,8","Excedente","LOT-2804","2029-05-24"
"INV00935","F063","Farmacia Economica Quitumbe 63","Quitumbe","P081","Losartan 100mg","Respiratorios","55","23","22","Excedente","LOT-9156","2027-05-01"
"INV00936","F063","Farmacia Economica Quitumbe 63","Quitumbe","P119","Amoxicilina 50mg","Analgesicos","11","15","4,4","Bajo","LOT-3767","2028-07-21"
"INV00937","F063","Farmacia Economica Quitumbe 63","Quitumbe","P043","Omeprazol Forte","Analgesicos","23","24","9,2","Normal","LOT-9150","2029-06-14"
"INV00938","F063","Farmacia Economica Quitumbe 63","Quitumbe","P059","Omeprazol 50mg","Cardiovasculares","13","18","5,2","Bajo","LOT-2149","2028-09-28"
"INV00939","F063","Farmacia Economica Quitumbe 63","Quitumbe","P001","Losartan 100mg","Respiratorios","44","29","17,6","Normal","LOT-5985","2029-05-25"
"INV00940","F063","Farmacia Economica Quitumbe 63","Quitumbe","P025","Omeprazol 50mg","Respiratorios","42","17","16,8","Normal","LOT-5181","2027-05-16"
"INV00941","F063","Farmacia Economica Quitumbe 63","Quitumbe","P070","Aspirina 50mg","Respiratorios","11","21","4,4","Bajo","LOT-3010","2027-05-03"
"INV00942","F063","Farmacia Economica Quitumbe 63","Quitumbe","P090","Vitamina C Forte","Analgesicos","14","24","5,6","Bajo","LOT-6002","2029-06-18"
"INV00943","F063","Farmacia Economica Quitumbe 63","Quitumbe","P029","Aspirina 500mg","Analgesicos","20","17","8","Normal","LOT-2333","2028-10-12"
"INV00944","F063","Farmacia Economica Quitumbe 63","Quitumbe","P056","Vitamina C 100mg","Cardiovasculares","31","23","12,4","Normal","LOT-6639","2028-05-06"
"INV00945","F063","Farmacia Economica Quitumbe 63","Quitumbe","P145","Amoxicilina Forte","Cardiovasculares","17","22","6,8","Normal","LOT-6606","2028-07-14"
"INV00946","F064","Farmacia Economica Sur 64","Sur","P049","Ibuprofeno 100mg","Cardiovasculares","23","21","9,2","Normal","LOT-3837","2027-11-08"
"INV00947","F064","Farmacia Economica Sur 64","Sur","P077","Ibuprofeno 50mg","Analgesicos","12","20","4,8","Bajo","LOT-8564","2028-10-12"
"INV00948","F064","Farmacia Economica Sur 64","Sur","P097","Vitamina C 500mg","Analgesicos","25","16","10","Normal","LOT-1467","2028-06-22"
"INV00949","F064","Farmacia Economica Sur 64","Sur","P056","Vitamina C 100mg","Cardiovasculares","4","26","1,6","Bajo","LOT-6002","2028-05-06"
"INV00950","F064","Farmacia Economica Sur 64","Sur","P027","Paracetamol 500mg","Respiratorios","36","15","14,4","Normal","LOT-8824","2028-07-05"
"INV00951","F064","Farmacia Economica Sur 64","Sur","P075","Paracetamol 50mg","Analgesicos","3","26","1,2","Critico","LOT-2012","2028-04-13"
"INV00952","F064","Farmacia Economica Sur 64","Sur","P053","Vitamina C 500mg","Cardiovasculares","37","16","14,8","Normal","LOT-1067","2029-03-17"
"INV00953","F064","Farmacia Economica Sur 64","Sur","P127","Paracetamol 500mg","Analgesicos","21","20","8,4","Normal","LOT-3341","2027-06-01"
"INV00954","F064","Farmacia Economica Sur 64","Sur","P048","Paracetamol 500mg","Analgesicos","26","17","10,4","Normal","LOT-2426","2029-02-06"
"INV00955","F064","Farmacia Economica Sur 64","Sur","P136","Amoxicilina Forte","Cardiovasculares","40","18","16","Normal","LOT-2331","2029-04-25"
"INV00956","F064","Farmacia Economica Sur 64","Sur","P092","Vitamina C Forte","Respiratorios","82","25","32,8","Excedente","LOT-9859","2028-09-17"
"INV00957","F064","Farmacia Economica Sur 64","Sur","P122","Loratadina Plus","Respiratorios","40","23","16","Normal","LOT-1840","2027-08-23"
"INV00958","F064","Farmacia Economica Sur 64","Sur","P016","Losartan 500mg","Analgesicos","14","22","5,6","Bajo","LOT-3714","2029-09-14"
"INV00959","F064","Farmacia Economica Sur 64","Sur","P013","Omeprazol Plus","Respiratorios","41","29","16,4","Normal","LOT-6408","2027-11-16"
"INV00960","F064","Farmacia Economica Sur 64","Sur","P022","Paracetamol Forte","Respiratorios","61","23","24,4","Excedente","LOT-7240","2027-09-04"
"INV00961","F065","Farmacia Economica Valles 65","Valles","P059","Omeprazol 50mg","Cardiovasculares","1","21","0,4","Critico","LOT-1907","2028-09-28"
"INV00962","F065","Farmacia Economica Valles 65","Valles","P124","Paracetamol 500mg","Respiratorios","29","16","11,6","Normal","LOT-1768","2027-06-23"
"INV00963","F065","Farmacia Economica Valles 65","Valles","P110","Loratadina 100mg","Analgesicos","30","22","12","Normal","LOT-4043","2029-04-06"
"INV00964","F065","Farmacia Economica Valles 65","Valles","P119","Amoxicilina 50mg","Analgesicos","1","29","0,4","Critico","LOT-5157","2028-07-21"
"INV00965","F065","Farmacia Economica Valles 65","Valles","P038","Vitamina C Plus","Respiratorios","3","29","1,2","Critico","LOT-9840","2029-04-18"
"INV00966","F065","Farmacia Economica Valles 65","Valles","P120","Aspirina Forte","Analgesicos","33","24","13,2","Normal","LOT-3718","2028-03-05"
"INV00967","F065","Farmacia Economica Valles 65","Valles","P091","Ibuprofeno 100mg","Analgesicos","42","18","16,8","Normal","LOT-8395","2027-05-07"
"INV00968","F065","Farmacia Economica Valles 65","Valles","P061","Vitamina C 500mg","Respiratorios","5","16","2","Bajo","LOT-7215","2027-11-08"
"INV00969","F065","Farmacia Economica Valles 65","Valles","P071","Paracetamol Plus","Respiratorios","33","15","13,2","Normal","LOT-1153","2029-09-06"
"INV00970","F065","Farmacia Economica Valles 65","Valles","P078","Losartan 500mg","Respiratorios","27","19","10,8","Normal","LOT-3697","2029-03-08"
"INV00971","F065","Farmacia Economica Valles 65","Valles","P092","Vitamina C Forte","Respiratorios","66","25","26,4","Excedente","LOT-4470","2028-09-17"
"INV00972","F065","Farmacia Economica Valles 65","Valles","P017","Vitamina C 100mg","Analgesicos","61","17","24,4","Excedente","LOT-6843","2028-12-07"
"INV00973","F065","Farmacia Economica Valles 65","Valles","P139","Loratadina 500mg","Respiratorios","95","21","38","Excedente","LOT-5891","2028-10-14"
"INV00974","F065","Farmacia Economica Valles 65","Valles","P035","Vitamina C 50mg","Cardiovasculares","1","18","0,4","Critico","LOT-2380","2028-10-14"
"INV00975","F065","Farmacia Economica Valles 65","Valles","P014","Aspirina 100mg","Analgesicos","18","24","7,2","Normal","LOT-3316","2028-12-29"
"INV00976","F066","Farmacia Economica Centro 66","Centro","P146","Paracetamol 100mg","Respiratorios","6","29","2,4","Bajo","LOT-7930","2028-02-14"
"INV00977","F066","Farmacia Economica Centro 66","Centro","P116","Ibuprofeno Forte","Respiratorios","2","18","0,8","Critico","LOT-8617","2027-05-05"
"INV00978","F066","Farmacia Economica Centro 66","Centro","P085","Loratadina Plus","Cardiovasculares","1","18","0,4","Critico","LOT-3403","2029-04-22"
"INV00979","F066","Farmacia Economica Centro 66","Centro","P005","Loratadina 500mg","Cardiovasculares","22","28","8,8","Normal","LOT-7689","2028-09-29"
"INV00980","F066","Farmacia Economica Centro 66","Centro","P096","Losartan 50mg","Analgesicos","6","22","2,4","Bajo","LOT-6491","2028-02-17"
"INV00981","F066","Farmacia Economica Centro 66","Centro","P056","Vitamina C 100mg","Cardiovasculares","39","23","15,6","Normal","LOT-1687","2028-05-06"
"INV00982","F066","Farmacia Economica Centro 66","Centro","P019","Paracetamol 100mg","Respiratorios","6","25","2,4","Bajo","LOT-6215","2027-04-09"
"INV00983","F066","Farmacia Economica Centro 66","Centro","P060","Omeprazol Forte","Analgesicos","9","21","3,6","Bajo","LOT-8317","2029-03-29"
"INV00984","F066","Farmacia Economica Centro 66","Centro","P097","Vitamina C 500mg","Analgesicos","30","21","12","Normal","LOT-4977","2028-06-22"
"INV00985","F066","Farmacia Economica Centro 66","Centro","P031","Omeprazol Forte","Respiratorios","32","21","12,8","Normal","LOT-4967","2028-03-21"
"INV00986","F066","Farmacia Economica Centro 66","Centro","P143","Aspirina 500mg","Analgesicos","44","26","17,6","Normal","LOT-5564","2027-09-03"
"INV00987","F066","Farmacia Economica Centro 66","Centro","P148","Losartan Plus","Cardiovasculares","1","28","0,4","Critico","LOT-3647","2029-06-24"
"INV00988","F066","Farmacia Economica Centro 66","Centro","P061","Vitamina C 500mg","Respiratorios","77","27","30,8","Excedente","LOT-3360","2027-11-08"
"INV00989","F066","Farmacia Economica Centro 66","Centro","P021","Amoxicilina 500mg","Cardiovasculares","36","17","14,4","Normal","LOT-4073","2028-02-09"
"INV00990","F066","Farmacia Economica Centro 66","Centro","P036","Ibuprofeno 100mg","Analgesicos","7","21","2,8","Bajo","LOT-3267","2028-12-27"
"INV00991","F067","Farmacia Economica San Rafael 67","San Rafael","P114","Aspirina Forte","Cardiovasculares","28","27","11,2","Normal","LOT-7757","2027-07-06"
"INV00992","F067","Farmacia Economica San Rafael 67","San Rafael","P066","Losartan 100mg","Cardiovasculares","6","23","2,4","Bajo","LOT-2621","2028-11-30"
"INV00993","F067","Farmacia Economica San Rafael 67","San Rafael","P049","Ibuprofeno 100mg","Cardiovasculares","44","22","17,6","Normal","LOT-7559","2027-11-08"
"INV00994","F067","Farmacia Economica San Rafael 67","San Rafael","P097","Vitamina C 500mg","Analgesicos","0","15","0","Agotado","LOT-4495","2028-06-22"
"INV00995","F067","Farmacia Economica San Rafael 67","San Rafael","P071","Paracetamol Plus","Respiratorios","34","16","13,6","Normal","LOT-6883","2029-09-06"
"INV00996","F067","Farmacia Economica San Rafael 67","San Rafael","P009","Vitamina C Plus","Cardiovasculares","53","18","21,2","Excedente","LOT-5002","2029-06-04"
"INV00997","F067","Farmacia Economica San Rafael 67","San Rafael","P115","Vitamina C 500mg","Analgesicos","23","24","9,2","Normal","LOT-2636","2028-02-03"
"INV00998","F067","Farmacia Economica San Rafael 67","San Rafael","P047","Omeprazol Forte","Cardiovasculares","40","15","16","Normal","LOT-9449","2028-12-29"
"INV00999","F067","Farmacia Economica San Rafael 67","San Rafael","P078","Losartan 500mg","Respiratorios","7","27","2,8","Bajo","LOT-5151","2029-03-08"
"INV01000","F067","Farmacia Economica San Rafael 67","San Rafael","P141","Paracetamol 50mg","Respiratorios","34","23","13,6","Normal","LOT-7502","2029-08-05"
"INV01001","F067","Farmacia Economica San Rafael 67","San Rafael","P012","Amoxicilina 500mg","Cardiovasculares","23","25","9,2","Normal","LOT-7617","2027-11-02"
"INV01002","F067","Farmacia Economica San Rafael 67","San Rafael","P056","Vitamina C 100mg","Cardiovasculares","29","19","11,6","Normal","LOT-4816","2028-05-06"
"INV01003","F067","Farmacia Economica San Rafael 67","San Rafael","P007","Ibuprofeno 50mg","Cardiovasculares","16","15","6,4","Normal","LOT-3898","2028-01-13"
"INV01004","F067","Farmacia Economica San Rafael 67","San Rafael","P106","Paracetamol 500mg","Respiratorios","26","23","10,4","Normal","LOT-9398","2029-03-17"
"INV01005","F067","Farmacia Economica San Rafael 67","San Rafael","P035","Vitamina C 50mg","Cardiovasculares","94","22","37,6","Excedente","LOT-2473","2028-10-14"
"INV01006","F068","Farmacia Economica San Rafael 68","San Rafael","P118","Losartan Plus","Respiratorios","21","16","8,4","Normal","LOT-6453","2027-08-27"
"INV01007","F068","Farmacia Economica San Rafael 68","San Rafael","P004","Aspirina 50mg","Respiratorios","35","28","14","Normal","LOT-1191","2028-12-05"
"INV01008","F068","Farmacia Economica San Rafael 68","San Rafael","P035","Vitamina C 50mg","Cardiovasculares","33","18","13,2","Normal","LOT-4840","2028-10-14"
"INV01009","F068","Farmacia Economica San Rafael 68","San Rafael","P127","Paracetamol 500mg","Analgesicos","45","24","18","Normal","LOT-8275","2027-06-01"
"INV01010","F068","Farmacia Economica San Rafael 68","San Rafael","P132","Amoxicilina 100mg","Respiratorios","51","26","20,4","Excedente","LOT-8515","2029-09-29"
"INV01011","F068","Farmacia Economica San Rafael 68","San Rafael","P060","Omeprazol Forte","Analgesicos","41","18","16,4","Normal","LOT-8055","2029-03-29"
"INV01012","F068","Farmacia Economica San Rafael 68","San Rafael","P014","Aspirina 100mg","Analgesicos","20","17","8","Normal","LOT-6893","2028-12-29"
"INV01013","F068","Farmacia Economica San Rafael 68","San Rafael","P120","Aspirina Forte","Analgesicos","3","26","1,2","Critico","LOT-9902","2028-03-05"
"INV01014","F068","Farmacia Economica San Rafael 68","San Rafael","P061","Vitamina C 500mg","Respiratorios","32","29","12,8","Normal","LOT-7433","2027-11-08"
"INV01015","F068","Farmacia Economica San Rafael 68","San Rafael","P142","Losartan 50mg","Cardiovasculares","30","27","12","Normal","LOT-5326","2028-12-20"
"INV01016","F068","Farmacia Economica San Rafael 68","San Rafael","P022","Paracetamol Forte","Respiratorios","31","27","12,4","Normal","LOT-3766","2027-09-04"
"INV01017","F068","Farmacia Economica San Rafael 68","San Rafael","P140","Omeprazol Plus","Respiratorios","2","18","0,8","Critico","LOT-1094","2027-09-12"
"INV01018","F068","Farmacia Economica San Rafael 68","San Rafael","P047","Omeprazol Forte","Cardiovasculares","13","21","5,2","Bajo","LOT-3813","2028-12-29"
"INV01019","F068","Farmacia Economica San Rafael 68","San Rafael","P091","Ibuprofeno 100mg","Analgesicos","20","18","8","Normal","LOT-6937","2027-05-07"
"INV01020","F068","Farmacia Economica San Rafael 68","San Rafael","P090","Vitamina C Forte","Analgesicos","42","17","16,8","Normal","LOT-4654","2029-06-18"
"INV01021","F069","Farmacia Economica Sur 69","Sur","P053","Vitamina C 500mg","Cardiovasculares","16","24","6,4","Normal","LOT-1554","2029-03-17"
"INV01022","F069","Farmacia Economica Sur 69","Sur","P019","Paracetamol 100mg","Respiratorios","97","18","38,8","Excedente","LOT-7832","2027-04-09"
"INV01023","F069","Farmacia Economica Sur 69","Sur","P005","Loratadina 500mg","Cardiovasculares","88","19","35,2","Excedente","LOT-4704","2028-09-29"
"INV01024","F069","Farmacia Economica Sur 69","Sur","P073","Paracetamol 500mg","Respiratorios","45","23","18","Normal","LOT-7022","2029-10-04"
"INV01025","F069","Farmacia Economica Sur 69","Sur","P034","Amoxicilina Forte","Analgesicos","27","17","10,8","Normal","LOT-5604","2028-09-20"
"INV01026","F069","Farmacia Economica Sur 69","Sur","P075","Paracetamol 50mg","Analgesicos","32","19","12,8","Normal","LOT-8566","2028-04-13"
"INV01027","F069","Farmacia Economica Sur 69","Sur","P096","Losartan 50mg","Analgesicos","2","16","0,8","Critico","LOT-2753","2028-02-17"
"INV01028","F069","Farmacia Economica Sur 69","Sur","P026","Amoxicilina 500mg","Respiratorios","7","27","2,8","Bajo","LOT-5407","2029-04-07"
"INV01029","F069","Farmacia Economica Sur 69","Sur","P142","Losartan 50mg","Cardiovasculares","25","16","10","Normal","LOT-4954","2028-12-20"
"INV01030","F069","Farmacia Economica Sur 69","Sur","P029","Aspirina 500mg","Analgesicos","20","21","8","Normal","LOT-2301","2028-10-12"
"INV01031","F069","Farmacia Economica Sur 69","Sur","P047","Omeprazol Forte","Cardiovasculares","38","23","15,2","Normal","LOT-8738","2028-12-29"
"INV01032","F069","Farmacia Economica Sur 69","Sur","P031","Omeprazol Forte","Respiratorios","1","15","0,4","Critico","LOT-3771","2028-03-21"
"INV01033","F069","Farmacia Economica Sur 69","Sur","P148","Losartan Plus","Cardiovasculares","44","17","17,6","Normal","LOT-5960","2029-06-24"
"INV01034","F069","Farmacia Economica Sur 69","Sur","P038","Vitamina C Plus","Respiratorios","3","18","1,2","Critico","LOT-1651","2029-04-18"
"INV01035","F069","Farmacia Economica Sur 69","Sur","P143","Aspirina 500mg","Analgesicos","23","17","9,2","Normal","LOT-9471","2027-09-03"
"INV01036","F070","Farmacia Economica Quitumbe 70","Quitumbe","P056","Vitamina C 100mg","Cardiovasculares","62","25","24,8","Excedente","LOT-1662","2028-05-06"
"INV01037","F070","Farmacia Economica Quitumbe 70","Quitumbe","P148","Losartan Plus","Cardiovasculares","65","18","26","Excedente","LOT-6195","2029-06-24"
"INV01038","F070","Farmacia Economica Quitumbe 70","Quitumbe","P001","Losartan 100mg","Respiratorios","3","20","1,2","Critico","LOT-2034","2029-05-25"
"INV01039","F070","Farmacia Economica Quitumbe 70","Quitumbe","P116","Ibuprofeno Forte","Respiratorios","75","15","30","Excedente","LOT-9551","2027-05-05"
"INV01040","F070","Farmacia Economica Quitumbe 70","Quitumbe","P114","Aspirina Forte","Cardiovasculares","25","16","10","Normal","LOT-8126","2027-07-06"
"INV01041","F070","Farmacia Economica Quitumbe 70","Quitumbe","P086","Losartan Forte","Respiratorios","9","24","3,6","Bajo","LOT-2980","2029-02-01"
"INV01042","F070","Farmacia Economica Quitumbe 70","Quitumbe","P118","Losartan Plus","Respiratorios","23","28","9,2","Normal","LOT-6182","2027-08-27"
"INV01043","F070","Farmacia Economica Quitumbe 70","Quitumbe","P051","Ibuprofeno 500mg","Respiratorios","0","17","0","Agotado","LOT-3450","2029-01-17"
"INV01044","F070","Farmacia Economica Quitumbe 70","Quitumbe","P077","Ibuprofeno 50mg","Analgesicos","78","22","31,2","Excedente","LOT-5231","2028-10-12"
"INV01045","F070","Farmacia Economica Quitumbe 70","Quitumbe","P120","Aspirina Forte","Analgesicos","52","22","20,8","Excedente","LOT-4924","2028-03-05"
"INV01046","F070","Farmacia Economica Quitumbe 70","Quitumbe","P072","Loratadina Forte","Cardiovasculares","21","27","8,4","Normal","LOT-4208","2029-01-01"
"INV01047","F070","Farmacia Economica Quitumbe 70","Quitumbe","P140","Omeprazol Plus","Respiratorios","3","15","1,2","Critico","LOT-9055","2027-09-12"
"INV01048","F070","Farmacia Economica Quitumbe 70","Quitumbe","P141","Paracetamol 50mg","Respiratorios","86","23","34,4","Excedente","LOT-4429","2029-08-05"
"INV01049","F070","Farmacia Economica Quitumbe 70","Quitumbe","P139","Loratadina 500mg","Respiratorios","93","15","37,2","Excedente","LOT-8452","2028-10-14"
"INV01050","F070","Farmacia Economica Quitumbe 70","Quitumbe","P034","Amoxicilina Forte","Analgesicos","42","21","16,8","Normal","LOT-9679","2028-09-20"
"INV01051","F071","Farmacia Economica Centro 71","Centro","P118","Losartan Plus","Respiratorios","24","24","9,6","Normal","LOT-6134","2027-08-27"
"INV01052","F071","Farmacia Economica Centro 71","Centro","P108","Amoxicilina Forte","Cardiovasculares","25","25","10","Normal","LOT-2766","2029-08-01"
"INV01053","F071","Farmacia Economica Centro 71","Centro","P021","Amoxicilina 500mg","Cardiovasculares","8","24","3,2","Bajo","LOT-7205","2028-02-09"
"INV01054","F071","Farmacia Economica Centro 71","Centro","P007","Ibuprofeno 50mg","Cardiovasculares","11","26","4,4","Bajo","LOT-6959","2028-01-13"
"INV01055","F071","Farmacia Economica Centro 71","Centro","P081","Losartan 100mg","Respiratorios","16","28","6,4","Normal","LOT-8519","2027-05-01"
"INV01056","F071","Farmacia Economica Centro 71","Centro","P132","Amoxicilina 100mg","Respiratorios","36","28","14,4","Normal","LOT-9510","2029-09-29"
"INV01057","F071","Farmacia Economica Centro 71","Centro","P096","Losartan 50mg","Analgesicos","22","24","8,8","Normal","LOT-2596","2028-02-17"
"INV01058","F071","Farmacia Economica Centro 71","Centro","P061","Vitamina C 500mg","Respiratorios","30","18","12","Normal","LOT-9206","2027-11-08"
"INV01059","F071","Farmacia Economica Centro 71","Centro","P085","Loratadina Plus","Cardiovasculares","80","29","32","Excedente","LOT-9032","2029-04-22"
"INV01060","F071","Farmacia Economica Centro 71","Centro","P143","Aspirina 500mg","Analgesicos","28","22","11,2","Normal","LOT-5652","2027-09-03"
"INV01061","F071","Farmacia Economica Centro 71","Centro","P101","Loratadina 100mg","Analgesicos","16","22","6,4","Normal","LOT-6498","2028-05-11"
"INV01062","F071","Farmacia Economica Centro 71","Centro","P144","Paracetamol 100mg","Respiratorios","24","24","9,6","Normal","LOT-8290","2028-06-16"
"INV01063","F071","Farmacia Economica Centro 71","Centro","P070","Aspirina 50mg","Respiratorios","35","19","14","Normal","LOT-8556","2027-05-03"
"INV01064","F071","Farmacia Economica Centro 71","Centro","P098","Aspirina 100mg","Cardiovasculares","81","22","32,4","Excedente","LOT-4942","2029-05-24"
"INV01065","F071","Farmacia Economica Centro 71","Centro","P043","Omeprazol Forte","Analgesicos","41","26","16,4","Normal","LOT-2502","2029-06-14"
"INV01066","F072","Farmacia Economica Sur 72","Sur","P116","Ibuprofeno Forte","Respiratorios","45","22","18","Normal","LOT-9857","2027-05-05"
"INV01067","F072","Farmacia Economica Sur 72","Sur","P097","Vitamina C 500mg","Analgesicos","6","28","2,4","Bajo","LOT-9064","2028-06-22"
"INV01068","F072","Farmacia Economica Sur 72","Sur","P071","Paracetamol Plus","Respiratorios","12","28","4,8","Bajo","LOT-7740","2029-09-06"
"INV01069","F072","Farmacia Economica Sur 72","Sur","P051","Ibuprofeno 500mg","Respiratorios","8","20","3,2","Bajo","LOT-6508","2029-01-17"
"INV01070","F072","Farmacia Economica Sur 72","Sur","P086","Losartan Forte","Respiratorios","35","24","14","Normal","LOT-6362","2029-02-01"
"INV01071","F072","Farmacia Economica Sur 72","Sur","P145","Amoxicilina Forte","Cardiovasculares","39","21","15,6","Normal","LOT-9114","2028-07-14"
"INV01072","F072","Farmacia Economica Sur 72","Sur","P150","Loratadina 100mg","Analgesicos","17","29","6,8","Normal","LOT-5476","2029-09-07"
"INV01073","F072","Farmacia Economica Sur 72","Sur","P135","Amoxicilina Plus","Respiratorios","14","17","5,6","Bajo","LOT-6652","2028-11-26"
"INV01074","F072","Farmacia Economica Sur 72","Sur","P009","Vitamina C Plus","Cardiovasculares","25","26","10","Normal","LOT-1170","2029-06-04"
"INV01075","F072","Farmacia Economica Sur 72","Sur","P132","Amoxicilina 100mg","Respiratorios","31","22","12,4","Normal","LOT-1847","2029-09-29"
"INV01076","F072","Farmacia Economica Sur 72","Sur","P098","Aspirina 100mg","Cardiovasculares","35","22","14","Normal","LOT-3260","2029-05-24"
"INV01077","F072","Farmacia Economica Sur 72","Sur","P085","Loratadina Plus","Cardiovasculares","40","25","16","Normal","LOT-3823","2029-04-22"
"INV01078","F072","Farmacia Economica Sur 72","Sur","P036","Ibuprofeno 100mg","Analgesicos","35","20","14","Normal","LOT-1994","2028-12-27"
"INV01079","F072","Farmacia Economica Sur 72","Sur","P020","Amoxicilina Plus","Analgesicos","80","29","32","Excedente","LOT-8250","2029-05-16"
"INV01080","F072","Farmacia Economica Sur 72","Sur","P072","Loratadina Forte","Cardiovasculares","30","22","12","Normal","LOT-2628","2029-01-01"
"INV01081","F073","Farmacia Economica Carapungo 73","Carapungo","P145","Amoxicilina Forte","Cardiovasculares","29","21","11,6","Normal","LOT-7954","2028-07-14"
"INV01082","F073","Farmacia Economica Carapungo 73","Carapungo","P025","Omeprazol 50mg","Respiratorios","1","28","0,4","Critico","LOT-6243","2027-05-16"
"INV01083","F073","Farmacia Economica Carapungo 73","Carapungo","P017","Vitamina C 100mg","Analgesicos","31","17","12,4","Normal","LOT-3582","2028-12-07"
"INV01084","F073","Farmacia Economica Carapungo 73","Carapungo","P004","Aspirina 50mg","Respiratorios","32","20","12,8","Normal","LOT-2538","2028-12-05"
"INV01085","F073","Farmacia Economica Carapungo 73","Carapungo","P143","Aspirina 500mg","Analgesicos","2","16","0,8","Critico","LOT-7128","2027-09-03"
"INV01086","F073","Farmacia Economica Carapungo 73","Carapungo","P097","Vitamina C 500mg","Analgesicos","45","18","18","Normal","LOT-6420","2028-06-22"
"INV01087","F073","Farmacia Economica Carapungo 73","Carapungo","P144","Paracetamol 100mg","Respiratorios","43","28","17,2","Normal","LOT-2381","2028-06-16"
"INV01088","F073","Farmacia Economica Carapungo 73","Carapungo","P059","Omeprazol 50mg","Cardiovasculares","5","27","2","Bajo","LOT-5148","2028-09-28"
"INV01089","F073","Farmacia Economica Carapungo 73","Carapungo","P141","Paracetamol 50mg","Respiratorios","32","21","12,8","Normal","LOT-5178","2029-08-05"
"INV01090","F073","Farmacia Economica Carapungo 73","Carapungo","P085","Loratadina Plus","Cardiovasculares","95","16","38","Excedente","LOT-7903","2029-04-22"
"INV01091","F073","Farmacia Economica Carapungo 73","Carapungo","P081","Losartan 100mg","Respiratorios","38","17","15,2","Normal","LOT-8589","2027-05-01"
"INV01092","F073","Farmacia Economica Carapungo 73","Carapungo","P066","Losartan 100mg","Cardiovasculares","1","16","0,4","Critico","LOT-3041","2028-11-30"
"INV01093","F073","Farmacia Economica Carapungo 73","Carapungo","P035","Vitamina C 50mg","Cardiovasculares","2","23","0,8","Critico","LOT-9703","2028-10-14"
"INV01094","F073","Farmacia Economica Carapungo 73","Carapungo","P031","Omeprazol Forte","Respiratorios","2","29","0,8","Critico","LOT-4138","2028-03-21"
"INV01095","F073","Farmacia Economica Carapungo 73","Carapungo","P049","Ibuprofeno 100mg","Cardiovasculares","26","16","10,4","Normal","LOT-2975","2027-11-08"
"INV01096","F074","Farmacia Economica Sur 74","Sur","P091","Ibuprofeno 100mg","Analgesicos","14","28","5,6","Bajo","LOT-9257","2027-05-07"
"INV01097","F074","Farmacia Economica Sur 74","Sur","P118","Losartan Plus","Respiratorios","1","18","0,4","Critico","LOT-2293","2027-08-27"
"INV01098","F074","Farmacia Economica Sur 74","Sur","P001","Losartan 100mg","Respiratorios","96","24","38,4","Excedente","LOT-8654","2029-05-25"
"INV01099","F074","Farmacia Economica Sur 74","Sur","P122","Loratadina Plus","Respiratorios","53","17","21,2","Excedente","LOT-7284","2027-08-23"
"INV01100","F074","Farmacia Economica Sur 74","Sur","P147","Ibuprofeno 100mg","Cardiovasculares","24","22","9,6","Normal","LOT-8367","2028-10-05"
"INV01101","F074","Farmacia Economica Sur 74","Sur","P017","Vitamina C 100mg","Analgesicos","21","21","8,4","Normal","LOT-9283","2028-12-07"
"INV01102","F074","Farmacia Economica Sur 74","Sur","P116","Ibuprofeno Forte","Respiratorios","18","17","7,2","Normal","LOT-9830","2027-05-05"
"INV01103","F074","Farmacia Economica Sur 74","Sur","P058","Aspirina Plus","Analgesicos","14","16","5,6","Bajo","LOT-3578","2027-06-06"
"INV01104","F074","Farmacia Economica Sur 74","Sur","P133","Losartan 100mg","Respiratorios","23","27","9,2","Normal","LOT-9707","2028-01-03"
"INV01105","F074","Farmacia Economica Sur 74","Sur","P018","Amoxicilina Forte","Respiratorios","3","22","1,2","Critico","LOT-5884","2027-11-30"
"INV01106","F074","Farmacia Economica Sur 74","Sur","P115","Vitamina C 500mg","Analgesicos","0","23","0","Agotado","LOT-4440","2028-02-03"
"INV01107","F074","Farmacia Economica Sur 74","Sur","P085","Loratadina Plus","Cardiovasculares","1","25","0,4","Critico","LOT-9078","2029-04-22"
"INV01108","F074","Farmacia Economica Sur 74","Sur","P081","Losartan 100mg","Respiratorios","35","20","14","Normal","LOT-3195","2027-05-01"
"INV01109","F074","Farmacia Economica Sur 74","Sur","P047","Omeprazol Forte","Cardiovasculares","82","21","32,8","Excedente","LOT-6213","2028-12-29"
"INV01110","F074","Farmacia Economica Sur 74","Sur","P114","Aspirina Forte","Cardiovasculares","95","26","38","Excedente","LOT-3750","2027-07-06"
"INV01111","F075","Farmacia Economica Valles 75","Valles","P110","Loratadina 100mg","Analgesicos","6","24","2,4","Bajo","LOT-8590","2029-04-06"
"INV01112","F075","Farmacia Economica Valles 75","Valles","P148","Losartan Plus","Cardiovasculares","36","15","14,4","Normal","LOT-6925","2029-06-24"
"INV01113","F075","Farmacia Economica Valles 75","Valles","P066","Losartan 100mg","Cardiovasculares","11","16","4,4","Bajo","LOT-4255","2028-11-30"
"INV01114","F075","Farmacia Economica Valles 75","Valles","P021","Amoxicilina 500mg","Cardiovasculares","71","23","28,4","Excedente","LOT-7144","2028-02-09"
"INV01115","F075","Farmacia Economica Valles 75","Valles","P144","Paracetamol 100mg","Respiratorios","42","22","16,8","Normal","LOT-4342","2028-06-16"
"INV01116","F075","Farmacia Economica Valles 75","Valles","P061","Vitamina C 500mg","Respiratorios","9","22","3,6","Bajo","LOT-7940","2027-11-08"
"INV01117","F075","Farmacia Economica Valles 75","Valles","P011","Aspirina Forte","Analgesicos","24","20","9,6","Normal","LOT-6846","2029-07-06"
"INV01118","F075","Farmacia Economica Valles 75","Valles","P038","Vitamina C Plus","Respiratorios","42","19","16,8","Normal","LOT-2783","2029-04-18"
"INV01119","F075","Farmacia Economica Valles 75","Valles","P091","Ibuprofeno 100mg","Analgesicos","30","20","12","Normal","LOT-1747","2027-05-07"
"INV01120","F075","Farmacia Economica Valles 75","Valles","P059","Omeprazol 50mg","Cardiovasculares","33","21","13,2","Normal","LOT-8359","2028-09-28"
"INV01121","F075","Farmacia Economica Valles 75","Valles","P129","Aspirina 50mg","Cardiovasculares","84","18","33,6","Excedente","LOT-3845","2029-05-12"
"INV01122","F075","Farmacia Economica Valles 75","Valles","P027","Paracetamol 500mg","Respiratorios","25","29","10","Normal","LOT-1089","2028-07-05"
"INV01123","F075","Farmacia Economica Valles 75","Valles","P086","Losartan Forte","Respiratorios","95","17","38","Excedente","LOT-4136","2029-02-01"
"INV01124","F075","Farmacia Economica Valles 75","Valles","P145","Amoxicilina Forte","Cardiovasculares","0","28","0","Agotado","LOT-8366","2028-07-14"
"INV01125","F075","Farmacia Economica Valles 75","Valles","P142","Losartan 50mg","Cardiovasculares","6","27","2,4","Bajo","LOT-3334","2028-12-20"
"INV01126","F076","Farmacia Economica Valles 76","Valles","P123","Paracetamol Plus","Analgesicos","2","21","0,8","Critico","LOT-1475","2028-02-23"
"INV01127","F076","Farmacia Economica Valles 76","Valles","P012","Amoxicilina 500mg","Cardiovasculares","19","21","7,6","Normal","LOT-2407","2027-11-02"
"INV01128","F076","Farmacia Economica Valles 76","Valles","P120","Aspirina Forte","Analgesicos","45","18","18","Normal","LOT-8110","2028-03-05"
"INV01129","F076","Farmacia Economica Valles 76","Valles","P017","Vitamina C 100mg","Analgesicos","65","24","26","Excedente","LOT-1321","2028-12-07"
"INV01130","F076","Farmacia Economica Valles 76","Valles","P098","Aspirina 100mg","Cardiovasculares","2","22","0,8","Critico","LOT-6868","2029-05-24"
"INV01131","F076","Farmacia Economica Valles 76","Valles","P004","Aspirina 50mg","Respiratorios","18","22","7,2","Normal","LOT-1063","2028-12-05"
"INV01132","F076","Farmacia Economica Valles 76","Valles","P115","Vitamina C 500mg","Analgesicos","73","17","29,2","Excedente","LOT-5584","2028-02-03"
"INV01133","F076","Farmacia Economica Valles 76","Valles","P005","Loratadina 500mg","Cardiovasculares","20","15","8","Normal","LOT-4007","2028-09-29"
"INV01134","F076","Farmacia Economica Valles 76","Valles","P053","Vitamina C 500mg","Cardiovasculares","39","15","15,6","Normal","LOT-7634","2029-03-17"
"INV01135","F076","Farmacia Economica Valles 76","Valles","P078","Losartan 500mg","Respiratorios","43","22","17,2","Normal","LOT-3788","2029-03-08"
"INV01136","F076","Farmacia Economica Valles 76","Valles","P070","Aspirina 50mg","Respiratorios","14","16","5,6","Bajo","LOT-2870","2027-05-03"
"INV01137","F076","Farmacia Economica Valles 76","Valles","P146","Paracetamol 100mg","Respiratorios","12","20","4,8","Bajo","LOT-3699","2028-02-14"
"INV01138","F076","Farmacia Economica Valles 76","Valles","P018","Amoxicilina Forte","Respiratorios","26","19","10,4","Normal","LOT-2234","2027-11-30"
"INV01139","F076","Farmacia Economica Valles 76","Valles","P021","Amoxicilina 500mg","Cardiovasculares","41","24","16,4","Normal","LOT-5095","2028-02-09"
"INV01140","F076","Farmacia Economica Valles 76","Valles","P090","Vitamina C Forte","Analgesicos","64","16","25,6","Excedente","LOT-3770","2029-06-18"
"INV01141","F077","Farmacia Economica Cumbaya 77","Cumbaya","P078","Losartan 500mg","Respiratorios","24","27","9,6","Normal","LOT-8114","2029-03-08"
"INV01142","F077","Farmacia Economica Cumbaya 77","Cumbaya","P141","Paracetamol 50mg","Respiratorios","2","24","0,8","Critico","LOT-9943","2029-08-05"
"INV01143","F077","Farmacia Economica Cumbaya 77","Cumbaya","P139","Loratadina 500mg","Respiratorios","13","21","5,2","Bajo","LOT-6252","2028-10-14"
"INV01144","F077","Farmacia Economica Cumbaya 77","Cumbaya","P014","Aspirina 100mg","Analgesicos","29","21","11,6","Normal","LOT-5436","2028-12-29"
"INV01145","F077","Farmacia Economica Cumbaya 77","Cumbaya","P081","Losartan 100mg","Respiratorios","4","21","1,6","Bajo","LOT-7295","2027-05-01"
"INV01146","F077","Farmacia Economica Cumbaya 77","Cumbaya","P007","Ibuprofeno 50mg","Cardiovasculares","70","22","28","Excedente","LOT-4903","2028-01-13"
"INV01147","F077","Farmacia Economica Cumbaya 77","Cumbaya","P142","Losartan 50mg","Cardiovasculares","11","21","4,4","Bajo","LOT-1992","2028-12-20"
"INV01148","F077","Farmacia Economica Cumbaya 77","Cumbaya","P018","Amoxicilina Forte","Respiratorios","18","24","7,2","Normal","LOT-3421","2027-11-30"
"INV01149","F077","Farmacia Economica Cumbaya 77","Cumbaya","P120","Aspirina Forte","Analgesicos","5","17","2","Bajo","LOT-8610","2028-03-05"
"INV01150","F077","Farmacia Economica Cumbaya 77","Cumbaya","P146","Paracetamol 100mg","Respiratorios","1","29","0,4","Critico","LOT-1390","2028-02-14"
"INV01151","F077","Farmacia Economica Cumbaya 77","Cumbaya","P043","Omeprazol Forte","Analgesicos","12","20","4,8","Bajo","LOT-8448","2029-06-14"
"INV01152","F077","Farmacia Economica Cumbaya 77","Cumbaya","P011","Aspirina Forte","Analgesicos","27","15","10,8","Normal","LOT-7149","2029-07-06"
"INV01153","F077","Farmacia Economica Cumbaya 77","Cumbaya","P140","Omeprazol Plus","Respiratorios","45","28","18","Normal","LOT-7287","2027-09-12"
"INV01154","F077","Farmacia Economica Cumbaya 77","Cumbaya","P029","Aspirina 500mg","Analgesicos","36","19","14,4","Normal","LOT-6898","2028-10-12"
"INV01155","F077","Farmacia Economica Cumbaya 77","Cumbaya","P097","Vitamina C 500mg","Analgesicos","56","20","22,4","Excedente","LOT-5163","2028-06-22"
"INV01156","F078","Farmacia Economica Norte 78","Norte","P017","Vitamina C 100mg","Analgesicos","99","23","39,6","Excedente","LOT-1452","2028-12-07"
"INV01157","F078","Farmacia Economica Norte 78","Norte","P020","Amoxicilina Plus","Analgesicos","7","15","2,8","Bajo","LOT-7272","2029-05-16"
"INV01158","F078","Farmacia Economica Norte 78","Norte","P145","Amoxicilina Forte","Cardiovasculares","43","22","17,2","Normal","LOT-3532","2028-07-14"
"INV01159","F078","Farmacia Economica Norte 78","Norte","P038","Vitamina C Plus","Respiratorios","23","15","9,2","Normal","LOT-8033","2029-04-18"
"INV01160","F078","Farmacia Economica Norte 78","Norte","P053","Vitamina C 500mg","Cardiovasculares","32","26","12,8","Normal","LOT-5690","2029-03-17"
"INV01161","F078","Farmacia Economica Norte 78","Norte","P114","Aspirina Forte","Cardiovasculares","26","19","10,4","Normal","LOT-4064","2027-07-06"
"INV01162","F078","Farmacia Economica Norte 78","Norte","P005","Loratadina 500mg","Cardiovasculares","1","24","0,4","Critico","LOT-7032","2028-09-29"
"INV01163","F078","Farmacia Economica Norte 78","Norte","P061","Vitamina C 500mg","Respiratorios","63","16","25,2","Excedente","LOT-4901","2027-11-08"
"INV01164","F078","Farmacia Economica Norte 78","Norte","P014","Aspirina 100mg","Analgesicos","40","29","16","Normal","LOT-5448","2028-12-29"
"INV01165","F078","Farmacia Economica Norte 78","Norte","P129","Aspirina 50mg","Cardiovasculares","92","25","36,8","Excedente","LOT-6827","2029-05-12"
"INV01166","F078","Farmacia Economica Norte 78","Norte","P101","Loratadina 100mg","Analgesicos","2","18","0,8","Critico","LOT-7615","2028-05-11"
"INV01167","F078","Farmacia Economica Norte 78","Norte","P051","Ibuprofeno 500mg","Respiratorios","37","24","14,8","Normal","LOT-1382","2029-01-17"
"INV01168","F078","Farmacia Economica Norte 78","Norte","P009","Vitamina C Plus","Cardiovasculares","18","27","7,2","Normal","LOT-3191","2029-06-04"
"INV01169","F078","Farmacia Economica Norte 78","Norte","P106","Paracetamol 500mg","Respiratorios","16","23","6,4","Normal","LOT-9199","2029-03-17"
"INV01170","F078","Farmacia Economica Norte 78","Norte","P092","Vitamina C Forte","Respiratorios","16","26","6,4","Normal","LOT-5694","2028-09-17"
"INV01171","F079","Farmacia Economica Norte 79","Norte","P038","Vitamina C Plus","Respiratorios","11","21","4,4","Bajo","LOT-7238","2029-04-18"
"INV01172","F079","Farmacia Economica Norte 79","Norte","P009","Vitamina C Plus","Cardiovasculares","22","20","8,8","Normal","LOT-1599","2029-06-04"
"INV01173","F079","Farmacia Economica Norte 79","Norte","P058","Aspirina Plus","Analgesicos","74","17","29,6","Excedente","LOT-7090","2027-06-06"
"INV01174","F079","Farmacia Economica Norte 79","Norte","P147","Ibuprofeno 100mg","Cardiovasculares","30","28","12","Normal","LOT-2372","2028-10-05"
"INV01175","F079","Farmacia Economica Norte 79","Norte","P127","Paracetamol 500mg","Analgesicos","33","28","13,2","Normal","LOT-4326","2027-06-01"
"INV01176","F079","Farmacia Economica Norte 79","Norte","P106","Paracetamol 500mg","Respiratorios","14","25","5,6","Bajo","LOT-7514","2029-03-17"
"INV01177","F079","Farmacia Economica Norte 79","Norte","P034","Amoxicilina Forte","Analgesicos","31","24","12,4","Normal","LOT-8556","2028-09-20"
"INV01178","F079","Farmacia Economica Norte 79","Norte","P092","Vitamina C Forte","Respiratorios","10","22","4","Bajo","LOT-6288","2028-09-17"
"INV01179","F079","Farmacia Economica Norte 79","Norte","P056","Vitamina C 100mg","Cardiovasculares","44","29","17,6","Normal","LOT-1342","2028-05-06"
"INV01180","F079","Farmacia Economica Norte 79","Norte","P004","Aspirina 50mg","Respiratorios","31","17","12,4","Normal","LOT-4567","2028-12-05"
"INV01181","F079","Farmacia Economica Norte 79","Norte","P098","Aspirina 100mg","Cardiovasculares","37","22","14,8","Normal","LOT-3225","2029-05-24"
"INV01182","F079","Farmacia Economica Norte 79","Norte","P007","Ibuprofeno 50mg","Cardiovasculares","5","22","2","Bajo","LOT-5496","2028-01-13"
"INV01183","F079","Farmacia Economica Norte 79","Norte","P061","Vitamina C 500mg","Respiratorios","3","25","1,2","Critico","LOT-5375","2027-11-08"
"INV01184","F079","Farmacia Economica Norte 79","Norte","P148","Losartan Plus","Cardiovasculares","2","23","0,8","Critico","LOT-4692","2029-06-24"
"INV01185","F079","Farmacia Economica Norte 79","Norte","P053","Vitamina C 500mg","Cardiovasculares","27","17","10,8","Normal","LOT-7494","2029-03-17"
"INV01186","F080","Farmacia Economica Sur 80","Sur","P035","Vitamina C 50mg","Cardiovasculares","40","21","16","Normal","LOT-3555","2028-10-14"
"INV01187","F080","Farmacia Economica Sur 80","Sur","P115","Vitamina C 500mg","Analgesicos","35","15","14","Normal","LOT-1281","2028-02-03"
"INV01188","F080","Farmacia Economica Sur 80","Sur","P081","Losartan 100mg","Respiratorios","16","29","6,4","Normal","LOT-8515","2027-05-01"
"INV01189","F080","Farmacia Economica Sur 80","Sur","P019","Paracetamol 100mg","Respiratorios","31","18","12,4","Normal","LOT-1466","2027-04-09"
"INV01190","F080","Farmacia Economica Sur 80","Sur","P073","Paracetamol 500mg","Respiratorios","2","18","0,8","Critico","LOT-2052","2029-10-04"
"INV01191","F080","Farmacia Economica Sur 80","Sur","P129","Aspirina 50mg","Cardiovasculares","32","21","12,8","Normal","LOT-6985","2029-05-12"
"INV01192","F080","Farmacia Economica Sur 80","Sur","P143","Aspirina 500mg","Analgesicos","5","28","2","Bajo","LOT-8463","2027-09-03"
"INV01193","F080","Farmacia Economica Sur 80","Sur","P070","Aspirina 50mg","Respiratorios","94","25","37,6","Excedente","LOT-2155","2027-05-03"
"INV01194","F080","Farmacia Economica Sur 80","Sur","P120","Aspirina Forte","Analgesicos","2","26","0,8","Critico","LOT-3484","2028-03-05"
"INV01195","F080","Farmacia Economica Sur 80","Sur","P098","Aspirina 100mg","Cardiovasculares","10","27","4","Bajo","LOT-1772","2029-05-24"
"INV01196","F080","Farmacia Economica Sur 80","Sur","P135","Amoxicilina Plus","Respiratorios","30","16","12","Normal","LOT-2266","2028-11-26"
"INV01197","F080","Farmacia Economica Sur 80","Sur","P048","Paracetamol 500mg","Analgesicos","13","21","5,2","Bajo","LOT-1173","2029-02-06"
"INV01198","F080","Farmacia Economica Sur 80","Sur","P049","Ibuprofeno 100mg","Cardiovasculares","3","18","1,2","Critico","LOT-9009","2027-11-08"
"INV01199","F080","Farmacia Economica Sur 80","Sur","P001","Losartan 100mg","Respiratorios","41","28","16,4","Normal","LOT-8613","2029-05-25"
"INV01200","F080","Farmacia Economica Sur 80","Sur","P025","Omeprazol 50mg","Respiratorios","57","17","22,8","Excedente","LOT-1896","2027-05-16"
"INV01201","F081","Farmacia Economica Norte 81","Norte","P118","Losartan Plus","Respiratorios","44","25","17,6","Normal","LOT-9840","2027-08-27"
"INV01202","F081","Farmacia Economica Norte 81","Norte","P119","Amoxicilina 50mg","Analgesicos","55","26","22","Excedente","LOT-2203","2028-07-21"
"INV01203","F081","Farmacia Economica Norte 81","Norte","P101","Loratadina 100mg","Analgesicos","10","16","4","Bajo","LOT-5202","2028-05-11"
"INV01204","F081","Farmacia Economica Norte 81","Norte","P150","Loratadina 100mg","Analgesicos","42","15","16,8","Normal","LOT-5582","2029-09-07"
"INV01205","F081","Farmacia Economica Norte 81","Norte","P115","Vitamina C 500mg","Analgesicos","54","27","21,6","Excedente","LOT-1561","2028-02-03"
"INV01206","F081","Farmacia Economica Norte 81","Norte","P025","Omeprazol 50mg","Respiratorios","23","15","9,2","Normal","LOT-8978","2027-05-16"
"INV01207","F081","Farmacia Economica Norte 81","Norte","P116","Ibuprofeno Forte","Respiratorios","11","23","4,4","Bajo","LOT-5468","2027-05-05"
"INV01208","F081","Farmacia Economica Norte 81","Norte","P013","Omeprazol Plus","Respiratorios","3","19","1,2","Critico","LOT-6182","2027-11-16"
"INV01209","F081","Farmacia Economica Norte 81","Norte","P139","Loratadina 500mg","Respiratorios","57","22","22,8","Excedente","LOT-1614","2028-10-14"
"INV01210","F081","Farmacia Economica Norte 81","Norte","P027","Paracetamol 500mg","Respiratorios","42","16","16,8","Normal","LOT-8796","2028-07-05"
"INV01211","F081","Farmacia Economica Norte 81","Norte","P022","Paracetamol Forte","Respiratorios","36","28","14,4","Normal","LOT-6761","2027-09-04"
"INV01212","F081","Farmacia Economica Norte 81","Norte","P077","Ibuprofeno 50mg","Analgesicos","10","16","4","Bajo","LOT-2491","2028-10-12"
"INV01213","F081","Farmacia Economica Norte 81","Norte","P058","Aspirina Plus","Analgesicos","3","26","1,2","Critico","LOT-5322","2027-06-06"
"INV01214","F081","Farmacia Economica Norte 81","Norte","P132","Amoxicilina 100mg","Respiratorios","37","25","14,8","Normal","LOT-5858","2029-09-29"
"INV01215","F081","Farmacia Economica Norte 81","Norte","P047","Omeprazol Forte","Cardiovasculares","3","17","1,2","Critico","LOT-1186","2028-12-29"
"INV01216","F082","Farmacia Economica Carapungo 82","Carapungo","P026","Amoxicilina 500mg","Respiratorios","44","27","17,6","Normal","LOT-6652","2029-04-07"
"INV01217","F082","Farmacia Economica Carapungo 82","Carapungo","P048","Paracetamol 500mg","Analgesicos","60","23","24","Excedente","LOT-3342","2029-02-06"
"INV01218","F082","Farmacia Economica Carapungo 82","Carapungo","P036","Ibuprofeno 100mg","Analgesicos","59","18","23,6","Excedente","LOT-5987","2028-12-27"
"INV01219","F082","Farmacia Economica Carapungo 82","Carapungo","P072","Loratadina Forte","Cardiovasculares","61","27","24,4","Excedente","LOT-4786","2029-01-01"
"INV01220","F082","Farmacia Economica Carapungo 82","Carapungo","P092","Vitamina C Forte","Respiratorios","1","19","0,4","Critico","LOT-8152","2028-09-17"
"INV01221","F082","Farmacia Economica Carapungo 82","Carapungo","P148","Losartan Plus","Cardiovasculares","26","16","10,4","Normal","LOT-3337","2029-06-24"
"INV01222","F082","Farmacia Economica Carapungo 82","Carapungo","P001","Losartan 100mg","Respiratorios","5","16","2","Bajo","LOT-1574","2029-05-25"
"INV01223","F082","Farmacia Economica Carapungo 82","Carapungo","P014","Aspirina 100mg","Analgesicos","45","19","18","Normal","LOT-8621","2028-12-29"
"INV01224","F082","Farmacia Economica Carapungo 82","Carapungo","P016","Losartan 500mg","Analgesicos","21","21","8,4","Normal","LOT-3963","2029-09-14"
"INV01225","F082","Farmacia Economica Carapungo 82","Carapungo","P049","Ibuprofeno 100mg","Cardiovasculares","3","25","1,2","Critico","LOT-7980","2027-11-08"
"INV01226","F082","Farmacia Economica Carapungo 82","Carapungo","P071","Paracetamol Plus","Respiratorios","5","18","2","Bajo","LOT-6373","2029-09-06"
"INV01227","F082","Farmacia Economica Carapungo 82","Carapungo","P073","Paracetamol 500mg","Respiratorios","19","19","7,6","Normal","LOT-7393","2029-10-04"
"INV01228","F082","Farmacia Economica Carapungo 82","Carapungo","P021","Amoxicilina 500mg","Cardiovasculares","11","19","4,4","Bajo","LOT-1984","2028-02-09"
"INV01229","F082","Farmacia Economica Carapungo 82","Carapungo","P091","Ibuprofeno 100mg","Analgesicos","79","20","31,6","Excedente","LOT-8665","2027-05-07"
"INV01230","F082","Farmacia Economica Carapungo 82","Carapungo","P098","Aspirina 100mg","Cardiovasculares","84","26","33,6","Excedente","LOT-4096","2029-05-24"
"INV01231","F083","Farmacia Economica Norte 83","Norte","P116","Ibuprofeno Forte","Respiratorios","78","22","31,2","Excedente","LOT-6805","2027-05-05"
"INV01232","F083","Farmacia Economica Norte 83","Norte","P147","Ibuprofeno 100mg","Cardiovasculares","33","20","13,2","Normal","LOT-2005","2028-10-05"
"INV01233","F083","Farmacia Economica Norte 83","Norte","P145","Amoxicilina Forte","Cardiovasculares","5","23","2","Bajo","LOT-2727","2028-07-14"
"INV01234","F083","Farmacia Economica Norte 83","Norte","P043","Omeprazol Forte","Analgesicos","38","20","15,2","Normal","LOT-7874","2029-06-14"
"INV01235","F083","Farmacia Economica Norte 83","Norte","P025","Omeprazol 50mg","Respiratorios","17","21","6,8","Normal","LOT-9836","2027-05-16"
"INV01236","F083","Farmacia Economica Norte 83","Norte","P124","Paracetamol 500mg","Respiratorios","24","22","9,6","Normal","LOT-2920","2027-06-23"
"INV01237","F083","Farmacia Economica Norte 83","Norte","P012","Amoxicilina 500mg","Cardiovasculares","29","23","11,6","Normal","LOT-7785","2027-11-02"
"INV01238","F083","Farmacia Economica Norte 83","Norte","P091","Ibuprofeno 100mg","Analgesicos","31","24","12,4","Normal","LOT-7122","2027-05-07"
"INV01239","F083","Farmacia Economica Norte 83","Norte","P142","Losartan 50mg","Cardiovasculares","32","20","12,8","Normal","LOT-7475","2028-12-20"
"INV01240","F083","Farmacia Economica Norte 83","Norte","P014","Aspirina 100mg","Analgesicos","32","24","12,8","Normal","LOT-7834","2028-12-29"
"INV01241","F083","Farmacia Economica Norte 83","Norte","P007","Ibuprofeno 50mg","Cardiovasculares","3","25","1,2","Critico","LOT-8416","2028-01-13"
"INV01242","F083","Farmacia Economica Norte 83","Norte","P135","Amoxicilina Plus","Respiratorios","19","22","7,6","Normal","LOT-4509","2028-11-26"
"INV01243","F083","Farmacia Economica Norte 83","Norte","P132","Amoxicilina 100mg","Respiratorios","27","28","10,8","Normal","LOT-8552","2029-09-29"
"INV01244","F083","Farmacia Economica Norte 83","Norte","P049","Ibuprofeno 100mg","Cardiovasculares","90","16","36","Excedente","LOT-3452","2027-11-08"
"INV01245","F083","Farmacia Economica Norte 83","Norte","P051","Ibuprofeno 500mg","Respiratorios","37","24","14,8","Normal","LOT-8994","2029-01-17"
"INV01246","F084","Farmacia Economica Sur 84","Sur","P110","Loratadina 100mg","Analgesicos","2","22","0,8","Critico","LOT-1020","2029-04-06"
"INV01247","F084","Farmacia Economica Sur 84","Sur","P027","Paracetamol 500mg","Respiratorios","17","25","6,8","Normal","LOT-4667","2028-07-05"
"INV01248","F084","Farmacia Economica Sur 84","Sur","P144","Paracetamol 100mg","Respiratorios","5","26","2","Bajo","LOT-9027","2028-06-16"
"INV01249","F084","Farmacia Economica Sur 84","Sur","P018","Amoxicilina Forte","Respiratorios","14","26","5,6","Bajo","LOT-1621","2027-11-30"
"INV01250","F084","Farmacia Economica Sur 84","Sur","P013","Omeprazol Plus","Respiratorios","89","17","35,6","Excedente","LOT-3026","2027-11-16"
"INV01251","F084","Farmacia Economica Sur 84","Sur","P026","Amoxicilina 500mg","Respiratorios","32","28","12,8","Normal","LOT-7923","2029-04-07"
"INV01252","F084","Farmacia Economica Sur 84","Sur","P053","Vitamina C 500mg","Cardiovasculares","7","17","2,8","Bajo","LOT-6596","2029-03-17"
"INV01253","F084","Farmacia Economica Sur 84","Sur","P012","Amoxicilina 500mg","Cardiovasculares","97","24","38,8","Excedente","LOT-3899","2027-11-02"
"INV01254","F084","Farmacia Economica Sur 84","Sur","P133","Losartan 100mg","Respiratorios","90","25","36","Excedente","LOT-6114","2028-01-03"
"INV01255","F084","Farmacia Economica Sur 84","Sur","P058","Aspirina Plus","Analgesicos","38","24","15,2","Normal","LOT-2446","2027-06-06"
"INV01256","F084","Farmacia Economica Sur 84","Sur","P017","Vitamina C 100mg","Analgesicos","42","19","16,8","Normal","LOT-8458","2028-12-07"
"INV01257","F084","Farmacia Economica Sur 84","Sur","P075","Paracetamol 50mg","Analgesicos","61","26","24,4","Excedente","LOT-3404","2028-04-13"
"INV01258","F084","Farmacia Economica Sur 84","Sur","P019","Paracetamol 100mg","Respiratorios","74","21","29,6","Excedente","LOT-9050","2027-04-09"
"INV01259","F084","Farmacia Economica Sur 84","Sur","P016","Losartan 500mg","Analgesicos","12","21","4,8","Bajo","LOT-9811","2029-09-14"
"INV01260","F084","Farmacia Economica Sur 84","Sur","P031","Omeprazol Forte","Respiratorios","16","19","6,4","Normal","LOT-3616","2028-03-21"
"INV01261","F085","Farmacia Economica Centro 85","Centro","P132","Amoxicilina 100mg","Respiratorios","18","15","7,2","Normal","LOT-1749","2029-09-29"
"INV01262","F085","Farmacia Economica Centro 85","Centro","P047","Omeprazol Forte","Cardiovasculares","22","16","8,8","Normal","LOT-7958","2028-12-29"
"INV01263","F085","Farmacia Economica Centro 85","Centro","P101","Loratadina 100mg","Analgesicos","18","23","7,2","Normal","LOT-7401","2028-05-11"
"INV01264","F085","Farmacia Economica Centro 85","Centro","P135","Amoxicilina Plus","Respiratorios","9","25","3,6","Bajo","LOT-1036","2028-11-26"
"INV01265","F085","Farmacia Economica Centro 85","Centro","P146","Paracetamol 100mg","Respiratorios","98","15","39,2","Excedente","LOT-9048","2028-02-14"
"INV01266","F085","Farmacia Economica Centro 85","Centro","P139","Loratadina 500mg","Respiratorios","26","19","10,4","Normal","LOT-5792","2028-10-14"
"INV01267","F085","Farmacia Economica Centro 85","Centro","P127","Paracetamol 500mg","Analgesicos","19","23","7,6","Normal","LOT-9929","2027-06-01"
"INV01268","F085","Farmacia Economica Centro 85","Centro","P145","Amoxicilina Forte","Cardiovasculares","90","24","36","Excedente","LOT-3845","2028-07-14"
"INV01269","F085","Farmacia Economica Centro 85","Centro","P001","Losartan 100mg","Respiratorios","0","24","0","Agotado","LOT-7322","2029-05-25"
"INV01270","F085","Farmacia Economica Centro 85","Centro","P019","Paracetamol 100mg","Respiratorios","10","26","4","Bajo","LOT-4206","2027-04-09"
"INV01271","F085","Farmacia Economica Centro 85","Centro","P148","Losartan Plus","Cardiovasculares","31","20","12,4","Normal","LOT-2191","2029-06-24"
"INV01272","F085","Farmacia Economica Centro 85","Centro","P124","Paracetamol 500mg","Respiratorios","12","20","4,8","Bajo","LOT-6243","2027-06-23"
"INV01273","F085","Farmacia Economica Centro 85","Centro","P119","Amoxicilina 50mg","Analgesicos","4","25","1,6","Bajo","LOT-9304","2028-07-21"
"INV01274","F085","Farmacia Economica Centro 85","Centro","P022","Paracetamol Forte","Respiratorios","16","21","6,4","Normal","LOT-9089","2027-09-04"
"INV01275","F085","Farmacia Economica Centro 85","Centro","P060","Omeprazol Forte","Analgesicos","24","15","9,6","Normal","LOT-3598","2029-03-29"
"INV01276","F086","Farmacia Economica Quitumbe 86","Quitumbe","P116","Ibuprofeno Forte","Respiratorios","0","24","0","Agotado","LOT-5722","2027-05-05"
"INV01277","F086","Farmacia Economica Quitumbe 86","Quitumbe","P025","Omeprazol 50mg","Respiratorios","28","24","11,2","Normal","LOT-2443","2027-05-16"
"INV01278","F086","Farmacia Economica Quitumbe 86","Quitumbe","P119","Amoxicilina 50mg","Analgesicos","27","19","10,8","Normal","LOT-8241","2028-07-21"
"INV01279","F086","Farmacia Economica Quitumbe 86","Quitumbe","P141","Paracetamol 50mg","Respiratorios","89","29","35,6","Excedente","LOT-7115","2029-08-05"
"INV01280","F086","Farmacia Economica Quitumbe 86","Quitumbe","P090","Vitamina C Forte","Analgesicos","18","16","7,2","Normal","LOT-2416","2029-06-18"
"INV01281","F086","Farmacia Economica Quitumbe 86","Quitumbe","P007","Ibuprofeno 50mg","Cardiovasculares","17","16","6,8","Normal","LOT-1754","2028-01-13"
"INV01282","F086","Farmacia Economica Quitumbe 86","Quitumbe","P075","Paracetamol 50mg","Analgesicos","21","25","8,4","Normal","LOT-8918","2028-04-13"
"INV01283","F086","Farmacia Economica Quitumbe 86","Quitumbe","P092","Vitamina C Forte","Respiratorios","37","17","14,8","Normal","LOT-7944","2028-09-17"
"INV01284","F086","Farmacia Economica Quitumbe 86","Quitumbe","P022","Paracetamol Forte","Respiratorios","78","28","31,2","Excedente","LOT-3064","2027-09-04"
"INV01285","F086","Farmacia Economica Quitumbe 86","Quitumbe","P118","Losartan Plus","Respiratorios","1","19","0,4","Critico","LOT-4988","2027-08-27"
"INV01286","F086","Farmacia Economica Quitumbe 86","Quitumbe","P148","Losartan Plus","Cardiovasculares","18","22","7,2","Normal","LOT-6133","2029-06-24"
"INV01287","F086","Farmacia Economica Quitumbe 86","Quitumbe","P020","Amoxicilina Plus","Analgesicos","25","27","10","Normal","LOT-4946","2029-05-16"
"INV01288","F086","Farmacia Economica Quitumbe 86","Quitumbe","P084","Ibuprofeno 50mg","Cardiovasculares","86","18","34,4","Excedente","LOT-3586","2028-05-08"
"INV01289","F086","Farmacia Economica Quitumbe 86","Quitumbe","P056","Vitamina C 100mg","Cardiovasculares","36","24","14,4","Normal","LOT-8554","2028-05-06"
"INV01290","F086","Farmacia Economica Quitumbe 86","Quitumbe","P004","Aspirina 50mg","Respiratorios","84","22","33,6","Excedente","LOT-3846","2028-12-05"
"INV01291","F087","Farmacia Economica Cumbaya 87","Cumbaya","P027","Paracetamol 500mg","Respiratorios","8","19","3,2","Bajo","LOT-1870","2028-07-05"
"INV01292","F087","Farmacia Economica Cumbaya 87","Cumbaya","P035","Vitamina C 50mg","Cardiovasculares","2","25","0,8","Critico","LOT-9771","2028-10-14"
"INV01293","F087","Farmacia Economica Cumbaya 87","Cumbaya","P118","Losartan Plus","Respiratorios","6","22","2,4","Bajo","LOT-9145","2027-08-27"
"INV01294","F087","Farmacia Economica Cumbaya 87","Cumbaya","P072","Loratadina Forte","Cardiovasculares","41","24","16,4","Normal","LOT-4765","2029-01-01"
"INV01295","F087","Farmacia Economica Cumbaya 87","Cumbaya","P073","Paracetamol 500mg","Respiratorios","4","24","1,6","Bajo","LOT-3259","2029-10-04"
"INV01296","F087","Farmacia Economica Cumbaya 87","Cumbaya","P092","Vitamina C Forte","Respiratorios","11","19","4,4","Bajo","LOT-9280","2028-09-17"
"INV01297","F087","Farmacia Economica Cumbaya 87","Cumbaya","P058","Aspirina Plus","Analgesicos","2","22","0,8","Critico","LOT-5575","2027-06-06"
"INV01298","F087","Farmacia Economica Cumbaya 87","Cumbaya","P051","Ibuprofeno 500mg","Respiratorios","7","29","2,8","Bajo","LOT-2269","2029-01-17"
"INV01299","F087","Farmacia Economica Cumbaya 87","Cumbaya","P070","Aspirina 50mg","Respiratorios","8","16","3,2","Bajo","LOT-9735","2027-05-03"
"INV01300","F087","Farmacia Economica Cumbaya 87","Cumbaya","P096","Losartan 50mg","Analgesicos","64","28","25,6","Excedente","LOT-8407","2028-02-17"
"INV01301","F087","Farmacia Economica Cumbaya 87","Cumbaya","P007","Ibuprofeno 50mg","Cardiovasculares","39","26","15,6","Normal","LOT-6054","2028-01-13"
"INV01302","F087","Farmacia Economica Cumbaya 87","Cumbaya","P075","Paracetamol 50mg","Analgesicos","33","18","13,2","Normal","LOT-4587","2028-04-13"
"INV01303","F087","Farmacia Economica Cumbaya 87","Cumbaya","P012","Amoxicilina 500mg","Cardiovasculares","17","20","6,8","Normal","LOT-6953","2027-11-02"
"INV01304","F087","Farmacia Economica Cumbaya 87","Cumbaya","P048","Paracetamol 500mg","Analgesicos","2","24","0,8","Critico","LOT-6623","2029-02-06"
"INV01305","F087","Farmacia Economica Cumbaya 87","Cumbaya","P097","Vitamina C 500mg","Analgesicos","2","26","0,8","Critico","LOT-5091","2028-06-22"
"INV01306","F088","Farmacia Economica Quitumbe 88","Quitumbe","P081","Losartan 100mg","Respiratorios","32","26","12,8","Normal","LOT-1018","2027-05-01"
"INV01307","F088","Farmacia Economica Quitumbe 88","Quitumbe","P034","Amoxicilina Forte","Analgesicos","13","21","5,2","Bajo","LOT-7558","2028-09-20"
"INV01308","F088","Farmacia Economica Quitumbe 88","Quitumbe","P053","Vitamina C 500mg","Cardiovasculares","26","26","10,4","Normal","LOT-2143","2029-03-17"
"INV01309","F088","Farmacia Economica Quitumbe 88","Quitumbe","P143","Aspirina 500mg","Analgesicos","26","21","10,4","Normal","LOT-4735","2027-09-03"
"INV01310","F088","Farmacia Economica Quitumbe 88","Quitumbe","P132","Amoxicilina 100mg","Respiratorios","29","24","11,6","Normal","LOT-9067","2029-09-29"
"INV01311","F088","Farmacia Economica Quitumbe 88","Quitumbe","P116","Ibuprofeno Forte","Respiratorios","17","15","6,8","Normal","LOT-6368","2027-05-05"
"INV01312","F088","Farmacia Economica Quitumbe 88","Quitumbe","P060","Omeprazol Forte","Analgesicos","10","22","4","Bajo","LOT-2447","2029-03-29"
"INV01313","F088","Farmacia Economica Quitumbe 88","Quitumbe","P145","Amoxicilina Forte","Cardiovasculares","9","18","3,6","Bajo","LOT-7456","2028-07-14"
"INV01314","F088","Farmacia Economica Quitumbe 88","Quitumbe","P014","Aspirina 100mg","Analgesicos","31","29","12,4","Normal","LOT-2373","2028-12-29"
"INV01315","F088","Farmacia Economica Quitumbe 88","Quitumbe","P086","Losartan Forte","Respiratorios","14","17","5,6","Bajo","LOT-6811","2029-02-01"
"INV01316","F088","Farmacia Economica Quitumbe 88","Quitumbe","P133","Losartan 100mg","Respiratorios","13","23","5,2","Bajo","LOT-7074","2028-01-03"
"INV01317","F088","Farmacia Economica Quitumbe 88","Quitumbe","P011","Aspirina Forte","Analgesicos","9","23","3,6","Bajo","LOT-8894","2029-07-06"
"INV01318","F088","Farmacia Economica Quitumbe 88","Quitumbe","P124","Paracetamol 500mg","Respiratorios","3","28","1,2","Critico","LOT-4577","2027-06-23"
"INV01319","F088","Farmacia Economica Quitumbe 88","Quitumbe","P051","Ibuprofeno 500mg","Respiratorios","1","16","0,4","Critico","LOT-3656","2029-01-17"
"INV01320","F088","Farmacia Economica Quitumbe 88","Quitumbe","P139","Loratadina 500mg","Respiratorios","42","25","16,8","Normal","LOT-8905","2028-10-14"
"INV01321","F089","Farmacia Economica Cumbaya 89","Cumbaya","P090","Vitamina C Forte","Analgesicos","7","15","2,8","Bajo","LOT-7401","2029-06-18"
"INV01322","F089","Farmacia Economica Cumbaya 89","Cumbaya","P132","Amoxicilina 100mg","Respiratorios","13","27","5,2","Bajo","LOT-9468","2029-09-29"
"INV01323","F089","Farmacia Economica Cumbaya 89","Cumbaya","P086","Losartan Forte","Respiratorios","68","15","27,2","Excedente","LOT-2946","2029-02-01"
"INV01324","F089","Farmacia Economica Cumbaya 89","Cumbaya","P124","Paracetamol 500mg","Respiratorios","93","15","37,2","Excedente","LOT-8077","2027-06-23"
"INV01325","F089","Farmacia Economica Cumbaya 89","Cumbaya","P108","Amoxicilina Forte","Cardiovasculares","31","15","12,4","Normal","LOT-3469","2029-08-01"
"INV01326","F089","Farmacia Economica Cumbaya 89","Cumbaya","P142","Losartan 50mg","Cardiovasculares","19","19","7,6","Normal","LOT-2370","2028-12-20"
"INV01327","F089","Farmacia Economica Cumbaya 89","Cumbaya","P011","Aspirina Forte","Analgesicos","35","27","14","Normal","LOT-5606","2029-07-06"
"INV01328","F089","Farmacia Economica Cumbaya 89","Cumbaya","P097","Vitamina C 500mg","Analgesicos","3","27","1,2","Critico","LOT-8237","2028-06-22"
"INV01329","F089","Farmacia Economica Cumbaya 89","Cumbaya","P009","Vitamina C Plus","Cardiovasculares","21","24","8,4","Normal","LOT-6473","2029-06-04"
"INV01330","F089","Farmacia Economica Cumbaya 89","Cumbaya","P106","Paracetamol 500mg","Respiratorios","64","25","25,6","Excedente","LOT-6967","2029-03-17"
"INV01331","F089","Farmacia Economica Cumbaya 89","Cumbaya","P066","Losartan 100mg","Cardiovasculares","42","22","16,8","Normal","LOT-9727","2028-11-30"
"INV01332","F089","Farmacia Economica Cumbaya 89","Cumbaya","P012","Amoxicilina 500mg","Cardiovasculares","35","26","14","Normal","LOT-4721","2027-11-02"
"INV01333","F089","Farmacia Economica Cumbaya 89","Cumbaya","P118","Losartan Plus","Respiratorios","32","28","12,8","Normal","LOT-4502","2027-08-27"
"INV01334","F089","Farmacia Economica Cumbaya 89","Cumbaya","P147","Ibuprofeno 100mg","Cardiovasculares","17","18","6,8","Normal","LOT-5742","2028-10-05"
"INV01335","F089","Farmacia Economica Cumbaya 89","Cumbaya","P038","Vitamina C Plus","Respiratorios","25","19","10","Normal","LOT-6973","2029-04-18"
"INV01336","F090","Farmacia Economica Valles 90","Valles","P031","Omeprazol Forte","Respiratorios","94","29","37,6","Excedente","LOT-9150","2028-03-21"
"INV01337","F090","Farmacia Economica Valles 90","Valles","P142","Losartan 50mg","Cardiovasculares","91","27","36,4","Excedente","LOT-6216","2028-12-20"
"INV01338","F090","Farmacia Economica Valles 90","Valles","P011","Aspirina Forte","Analgesicos","93","26","37,2","Excedente","LOT-6496","2029-07-06"
"INV01339","F090","Farmacia Economica Valles 90","Valles","P047","Omeprazol Forte","Cardiovasculares","7","27","2,8","Bajo","LOT-7880","2028-12-29"
"INV01340","F090","Farmacia Economica Valles 90","Valles","P135","Amoxicilina Plus","Respiratorios","44","22","17,6","Normal","LOT-8039","2028-11-26"
"INV01341","F090","Farmacia Economica Valles 90","Valles","P072","Loratadina Forte","Cardiovasculares","56","22","22,4","Excedente","LOT-8305","2029-01-01"
"INV01342","F090","Farmacia Economica Valles 90","Valles","P016","Losartan 500mg","Analgesicos","3","18","1,2","Critico","LOT-1453","2029-09-14"
"INV01343","F090","Farmacia Economica Valles 90","Valles","P118","Losartan Plus","Respiratorios","3","20","1,2","Critico","LOT-2564","2027-08-27"
"INV01344","F090","Farmacia Economica Valles 90","Valles","P085","Loratadina Plus","Cardiovasculares","42","17","16,8","Normal","LOT-8706","2029-04-22"
"INV01345","F090","Farmacia Economica Valles 90","Valles","P013","Omeprazol Plus","Respiratorios","76","18","30,4","Excedente","LOT-1462","2027-11-16"
"INV01346","F090","Farmacia Economica Valles 90","Valles","P026","Amoxicilina 500mg","Respiratorios","31","24","12,4","Normal","LOT-3202","2029-04-07"
"INV01347","F090","Farmacia Economica Valles 90","Valles","P056","Vitamina C 100mg","Cardiovasculares","38","27","15,2","Normal","LOT-1552","2028-05-06"
"INV01348","F090","Farmacia Economica Valles 90","Valles","P036","Ibuprofeno 100mg","Analgesicos","2","22","0,8","Critico","LOT-6880","2028-12-27"
"INV01349","F090","Farmacia Economica Valles 90","Valles","P018","Amoxicilina Forte","Respiratorios","2","15","0,8","Critico","LOT-1494","2027-11-30"
"INV01350","F090","Farmacia Economica Valles 90","Valles","P077","Ibuprofeno 50mg","Analgesicos","6","21","2,4","Bajo","LOT-1466","2028-10-12"
"INV01351","F091","Farmacia Economica Quitumbe 91","Quitumbe","P135","Amoxicilina Plus","Respiratorios","59","29","23,6","Excedente","LOT-1743","2028-11-26"
"INV01352","F091","Farmacia Economica Quitumbe 91","Quitumbe","P034","Amoxicilina Forte","Analgesicos","26","24","10,4","Normal","LOT-9420","2028-09-20"
"INV01353","F091","Farmacia Economica Quitumbe 91","Quitumbe","P077","Ibuprofeno 50mg","Analgesicos","9","27","3,6","Bajo","LOT-5148","2028-10-12"
"INV01354","F091","Farmacia Economica Quitumbe 91","Quitumbe","P098","Aspirina 100mg","Cardiovasculares","12","16","4,8","Bajo","LOT-8340","2029-05-24"
"INV01355","F091","Farmacia Economica Quitumbe 91","Quitumbe","P129","Aspirina 50mg","Cardiovasculares","22","26","8,8","Normal","LOT-1789","2029-05-12"
"INV01356","F091","Farmacia Economica Quitumbe 91","Quitumbe","P038","Vitamina C Plus","Respiratorios","3","23","1,2","Critico","LOT-3917","2029-04-18"
"INV01357","F091","Farmacia Economica Quitumbe 91","Quitumbe","P047","Omeprazol Forte","Cardiovasculares","13","16","5,2","Bajo","LOT-5673","2028-12-29"
"INV01358","F091","Farmacia Economica Quitumbe 91","Quitumbe","P090","Vitamina C Forte","Analgesicos","35","28","14","Normal","LOT-9486","2029-06-18"
"INV01359","F091","Farmacia Economica Quitumbe 91","Quitumbe","P056","Vitamina C 100mg","Cardiovasculares","1","15","0,4","Critico","LOT-9306","2028-05-06"
"INV01360","F091","Farmacia Economica Quitumbe 91","Quitumbe","P120","Aspirina Forte","Analgesicos","27","28","10,8","Normal","LOT-2115","2028-03-05"
"INV01361","F091","Farmacia Economica Quitumbe 91","Quitumbe","P143","Aspirina 500mg","Analgesicos","14","29","5,6","Bajo","LOT-2505","2027-09-03"
"INV01362","F091","Farmacia Economica Quitumbe 91","Quitumbe","P011","Aspirina Forte","Analgesicos","2","26","0,8","Critico","LOT-8156","2029-07-06"
"INV01363","F091","Farmacia Economica Quitumbe 91","Quitumbe","P048","Paracetamol 500mg","Analgesicos","12","19","4,8","Bajo","LOT-2823","2029-02-06"
"INV01364","F091","Farmacia Economica Quitumbe 91","Quitumbe","P018","Amoxicilina Forte","Respiratorios","37","22","14,8","Normal","LOT-3989","2027-11-30"
"INV01365","F091","Farmacia Economica Quitumbe 91","Quitumbe","P140","Omeprazol Plus","Respiratorios","90","19","36","Excedente","LOT-2118","2027-09-12"
"INV01366","F092","Farmacia Economica Sur 92","Sur","P097","Vitamina C 500mg","Analgesicos","33","21","13,2","Normal","LOT-1124","2028-06-22"
"INV01367","F092","Farmacia Economica Sur 92","Sur","P034","Amoxicilina Forte","Analgesicos","42","27","16,8","Normal","LOT-2596","2028-09-20"
"INV01368","F092","Farmacia Economica Sur 92","Sur","P075","Paracetamol 50mg","Analgesicos","25","24","10","Normal","LOT-6676","2028-04-13"
"INV01369","F092","Farmacia Economica Sur 92","Sur","P073","Paracetamol 500mg","Respiratorios","2","24","0,8","Critico","LOT-6721","2029-10-04"
"INV01370","F092","Farmacia Economica Sur 92","Sur","P132","Amoxicilina 100mg","Respiratorios","28","28","11,2","Normal","LOT-1544","2029-09-29"
"INV01371","F092","Farmacia Economica Sur 92","Sur","P056","Vitamina C 100mg","Cardiovasculares","28","22","11,2","Normal","LOT-6169","2028-05-06"
"INV01372","F092","Farmacia Economica Sur 92","Sur","P124","Paracetamol 500mg","Respiratorios","56","25","22,4","Excedente","LOT-4140","2027-06-23"
"INV01373","F092","Farmacia Economica Sur 92","Sur","P022","Paracetamol Forte","Respiratorios","1","23","0,4","Critico","LOT-2488","2027-09-04"
"INV01374","F092","Farmacia Economica Sur 92","Sur","P144","Paracetamol 100mg","Respiratorios","30","16","12","Normal","LOT-2802","2028-06-16"
"INV01375","F092","Farmacia Economica Sur 92","Sur","P019","Paracetamol 100mg","Respiratorios","16","17","6,4","Normal","LOT-4441","2027-04-09"
"INV01376","F092","Farmacia Economica Sur 92","Sur","P077","Ibuprofeno 50mg","Analgesicos","11","27","4,4","Bajo","LOT-2632","2028-10-12"
"INV01377","F092","Farmacia Economica Sur 92","Sur","P011","Aspirina Forte","Analgesicos","40","16","16","Normal","LOT-2037","2029-07-06"
"INV01378","F092","Farmacia Economica Sur 92","Sur","P051","Ibuprofeno 500mg","Respiratorios","50","20","20","Excedente","LOT-2287","2029-01-17"
"INV01379","F092","Farmacia Economica Sur 92","Sur","P005","Loratadina 500mg","Cardiovasculares","77","29","30,8","Excedente","LOT-7378","2028-09-29"
"INV01380","F092","Farmacia Economica Sur 92","Sur","P139","Loratadina 500mg","Respiratorios","10","16","4","Bajo","LOT-2542","2028-10-14"
"INV01381","F093","Farmacia Economica Quitumbe 93","Quitumbe","P073","Paracetamol 500mg","Respiratorios","31","20","12,4","Normal","LOT-2064","2029-10-04"
"INV01382","F093","Farmacia Economica Quitumbe 93","Quitumbe","P143","Aspirina 500mg","Analgesicos","2","19","0,8","Critico","LOT-2775","2027-09-03"
"INV01383","F093","Farmacia Economica Quitumbe 93","Quitumbe","P118","Losartan Plus","Respiratorios","42","16","16,8","Normal","LOT-9321","2027-08-27"
"INV01384","F093","Farmacia Economica Quitumbe 93","Quitumbe","P053","Vitamina C 500mg","Cardiovasculares","34","21","13,6","Normal","LOT-4101","2029-03-17"
"INV01385","F093","Farmacia Economica Quitumbe 93","Quitumbe","P085","Loratadina Plus","Cardiovasculares","38","27","15,2","Normal","LOT-6819","2029-04-22"
"INV01386","F093","Farmacia Economica Quitumbe 93","Quitumbe","P022","Paracetamol Forte","Respiratorios","13","23","5,2","Bajo","LOT-4079","2027-09-04"
"INV01387","F093","Farmacia Economica Quitumbe 93","Quitumbe","P120","Aspirina Forte","Analgesicos","12","20","4,8","Bajo","LOT-8924","2028-03-05"
"INV01388","F093","Farmacia Economica Quitumbe 93","Quitumbe","P110","Loratadina 100mg","Analgesicos","24","19","9,6","Normal","LOT-2134","2029-04-06"
"INV01389","F093","Farmacia Economica Quitumbe 93","Quitumbe","P034","Amoxicilina Forte","Analgesicos","14","29","5,6","Bajo","LOT-4234","2028-09-20"
"INV01390","F093","Farmacia Economica Quitumbe 93","Quitumbe","P135","Amoxicilina Plus","Respiratorios","13","21","5,2","Bajo","LOT-6531","2028-11-26"
"INV01391","F093","Farmacia Economica Quitumbe 93","Quitumbe","P145","Amoxicilina Forte","Cardiovasculares","31","16","12,4","Normal","LOT-2853","2028-07-14"
"INV01392","F093","Farmacia Economica Quitumbe 93","Quitumbe","P119","Amoxicilina 50mg","Analgesicos","37","21","14,8","Normal","LOT-7266","2028-07-21"
"INV01393","F093","Farmacia Economica Quitumbe 93","Quitumbe","P127","Paracetamol 500mg","Analgesicos","39","26","15,6","Normal","LOT-4003","2027-06-01"
"INV01394","F093","Farmacia Economica Quitumbe 93","Quitumbe","P061","Vitamina C 500mg","Respiratorios","32","17","12,8","Normal","LOT-1347","2027-11-08"
"INV01395","F093","Farmacia Economica Quitumbe 93","Quitumbe","P136","Amoxicilina Forte","Cardiovasculares","9","21","3,6","Bajo","LOT-4730","2029-04-25"
"INV01396","F094","Farmacia Economica San Rafael 94","San Rafael","P106","Paracetamol 500mg","Respiratorios","17","15","6,8","Normal","LOT-3261","2029-03-17"
"INV01397","F094","Farmacia Economica San Rafael 94","San Rafael","P025","Omeprazol 50mg","Respiratorios","33","29","13,2","Normal","LOT-5599","2027-05-16"
"INV01398","F094","Farmacia Economica San Rafael 94","San Rafael","P123","Paracetamol Plus","Analgesicos","24","29","9,6","Normal","LOT-1689","2028-02-23"
"INV01399","F094","Farmacia Economica San Rafael 94","San Rafael","P001","Losartan 100mg","Respiratorios","37","21","14,8","Normal","LOT-4985","2029-05-25"
"INV01400","F094","Farmacia Economica San Rafael 94","San Rafael","P072","Loratadina Forte","Cardiovasculares","3","29","1,2","Critico","LOT-6143","2029-01-01"
"INV01401","F094","Farmacia Economica San Rafael 94","San Rafael","P026","Amoxicilina 500mg","Respiratorios","40","17","16","Normal","LOT-9169","2029-04-07"
"INV01402","F094","Farmacia Economica San Rafael 94","San Rafael","P060","Omeprazol Forte","Analgesicos","6","16","2,4","Bajo","LOT-8381","2029-03-29"
"INV01403","F094","Farmacia Economica San Rafael 94","San Rafael","P012","Amoxicilina 500mg","Cardiovasculares","26","23","10,4","Normal","LOT-1589","2027-11-02"
"INV01404","F094","Farmacia Economica San Rafael 94","San Rafael","P048","Paracetamol 500mg","Analgesicos","14","20","5,6","Bajo","LOT-5343","2029-02-06"
"INV01405","F094","Farmacia Economica San Rafael 94","San Rafael","P034","Amoxicilina Forte","Analgesicos","42","18","16,8","Normal","LOT-4777","2028-09-20"
"INV01406","F094","Farmacia Economica San Rafael 94","San Rafael","P145","Amoxicilina Forte","Cardiovasculares","37","26","14,8","Normal","LOT-1091","2028-07-14"
"INV01407","F094","Farmacia Economica San Rafael 94","San Rafael","P108","Amoxicilina Forte","Cardiovasculares","9","22","3,6","Bajo","LOT-2254","2029-08-01"
"INV01408","F094","Farmacia Economica San Rafael 94","San Rafael","P011","Aspirina Forte","Analgesicos","3","20","1,2","Critico","LOT-9731","2029-07-06"
"INV01409","F094","Farmacia Economica San Rafael 94","San Rafael","P115","Vitamina C 500mg","Analgesicos","41","17","16,4","Normal","LOT-3772","2028-02-03"
"INV01410","F094","Farmacia Economica San Rafael 94","San Rafael","P136","Amoxicilina Forte","Cardiovasculares","18","23","7,2","Normal","LOT-9686","2029-04-25"
"INV01411","F095","Farmacia Economica Sur 95","Sur","P114","Aspirina Forte","Cardiovasculares","1","16","0,4","Critico","LOT-7102","2027-07-06"
"INV01412","F095","Farmacia Economica Sur 95","Sur","P020","Amoxicilina Plus","Analgesicos","34","26","13,6","Normal","LOT-4847","2029-05-16"
"INV01413","F095","Farmacia Economica Sur 95","Sur","P022","Paracetamol Forte","Respiratorios","20","21","8","Normal","LOT-3556","2027-09-04"
"INV01414","F095","Farmacia Economica Sur 95","Sur","P135","Amoxicilina Plus","Respiratorios","1","15","0,4","Critico","LOT-2343","2028-11-26"
"INV01415","F095","Farmacia Economica Sur 95","Sur","P133","Losartan 100mg","Respiratorios","36","26","14,4","Normal","LOT-1334","2028-01-03"
"INV01416","F095","Farmacia Economica Sur 95","Sur","P019","Paracetamol 100mg","Respiratorios","35","20","14","Normal","LOT-2562","2027-04-09"
"INV01417","F095","Farmacia Economica Sur 95","Sur","P059","Omeprazol 50mg","Cardiovasculares","25","25","10","Normal","LOT-8664","2028-09-28"
"INV01418","F095","Farmacia Economica Sur 95","Sur","P101","Loratadina 100mg","Analgesicos","8","21","3,2","Bajo","LOT-7687","2028-05-11"
"INV01419","F095","Farmacia Economica Sur 95","Sur","P043","Omeprazol Forte","Analgesicos","35","25","14","Normal","LOT-7274","2029-06-14"
"INV01420","F095","Farmacia Economica Sur 95","Sur","P122","Loratadina Plus","Respiratorios","13","27","5,2","Bajo","LOT-7975","2027-08-23"
"INV01421","F095","Farmacia Economica Sur 95","Sur","P017","Vitamina C 100mg","Analgesicos","9","17","3,6","Bajo","LOT-9411","2028-12-07"
"INV01422","F095","Farmacia Economica Sur 95","Sur","P096","Losartan 50mg","Analgesicos","2","24","0,8","Critico","LOT-1059","2028-02-17"
"INV01423","F095","Farmacia Economica Sur 95","Sur","P092","Vitamina C Forte","Respiratorios","24","29","9,6","Normal","LOT-5601","2028-09-17"
"INV01424","F095","Farmacia Economica Sur 95","Sur","P124","Paracetamol 500mg","Respiratorios","26","24","10,4","Normal","LOT-9296","2027-06-23"
"INV01425","F095","Farmacia Economica Sur 95","Sur","P132","Amoxicilina 100mg","Respiratorios","40","18","16","Normal","LOT-4225","2029-09-29"
"INV01426","F096","Farmacia Economica Valles 96","Valles","P078","Losartan 500mg","Respiratorios","24","15","9,6","Normal","LOT-7171","2029-03-08"
"INV01427","F096","Farmacia Economica Valles 96","Valles","P132","Amoxicilina 100mg","Respiratorios","24","28","9,6","Normal","LOT-2382","2029-09-29"
"INV01428","F096","Farmacia Economica Valles 96","Valles","P009","Vitamina C Plus","Cardiovasculares","1","26","0,4","Critico","LOT-8179","2029-06-04"
"INV01429","F096","Farmacia Economica Valles 96","Valles","P091","Ibuprofeno 100mg","Analgesicos","39","27","15,6","Normal","LOT-8297","2027-05-07"
"INV01430","F096","Farmacia Economica Valles 96","Valles","P084","Ibuprofeno 50mg","Cardiovasculares","7","20","2,8","Bajo","LOT-7953","2028-05-08"
"INV01431","F096","Farmacia Economica Valles 96","Valles","P061","Vitamina C 500mg","Respiratorios","25","18","10","Normal","LOT-9166","2027-11-08"
"INV01432","F096","Farmacia Economica Valles 96","Valles","P092","Vitamina C Forte","Respiratorios","85","23","34","Excedente","LOT-9528","2028-09-17"
"INV01433","F096","Farmacia Economica Valles 96","Valles","P066","Losartan 100mg","Cardiovasculares","29","18","11,6","Normal","LOT-6915","2028-11-30"
"INV01434","F096","Farmacia Economica Valles 96","Valles","P124","Paracetamol 500mg","Respiratorios","68","28","27,2","Excedente","LOT-9033","2027-06-23"
"INV01435","F096","Farmacia Economica Valles 96","Valles","P043","Omeprazol Forte","Analgesicos","1","20","0,4","Critico","LOT-6228","2029-06-14"
"INV01436","F096","Farmacia Economica Valles 96","Valles","P075","Paracetamol 50mg","Analgesicos","2","27","0,8","Critico","LOT-9541","2028-04-13"
"INV01437","F096","Farmacia Economica Valles 96","Valles","P141","Paracetamol 50mg","Respiratorios","32","16","12,8","Normal","LOT-7346","2029-08-05"
"INV01438","F096","Farmacia Economica Valles 96","Valles","P004","Aspirina 50mg","Respiratorios","28","26","11,2","Normal","LOT-4197","2028-12-05"
"INV01439","F096","Farmacia Economica Valles 96","Valles","P086","Losartan Forte","Respiratorios","33","25","13,2","Normal","LOT-1344","2029-02-01"
"INV01440","F096","Farmacia Economica Valles 96","Valles","P143","Aspirina 500mg","Analgesicos","24","20","9,6","Normal","LOT-5974","2027-09-03"
"INV01441","F097","Farmacia Economica Sur 97","Sur","P096","Losartan 50mg","Analgesicos","26","25","10,4","Normal","LOT-1534","2028-02-17"
"INV01442","F097","Farmacia Economica Sur 97","Sur","P140","Omeprazol Plus","Respiratorios","27","24","10,8","Normal","LOT-8203","2027-09-12"
"INV01443","F097","Farmacia Economica Sur 97","Sur","P004","Aspirina 50mg","Respiratorios","35","25","14","Normal","LOT-2148","2028-12-05"
"INV01444","F097","Farmacia Economica Sur 97","Sur","P143","Aspirina 500mg","Analgesicos","10","18","4","Bajo","LOT-9175","2027-09-03"
"INV01445","F097","Farmacia Economica Sur 97","Sur","P108","Amoxicilina Forte","Cardiovasculares","79","20","31,6","Excedente","LOT-6949","2029-08-01"
"INV01446","F097","Farmacia Economica Sur 97","Sur","P135","Amoxicilina Plus","Respiratorios","43","19","17,2","Normal","LOT-5709","2028-11-26"
"INV01447","F097","Farmacia Economica Sur 97","Sur","P019","Paracetamol 100mg","Respiratorios","8","24","3,2","Bajo","LOT-7504","2027-04-09"
"INV01448","F097","Farmacia Economica Sur 97","Sur","P115","Vitamina C 500mg","Analgesicos","34","21","13,6","Normal","LOT-2360","2028-02-03"
"INV01449","F097","Farmacia Economica Sur 97","Sur","P075","Paracetamol 50mg","Analgesicos","12","23","4,8","Bajo","LOT-1133","2028-04-13"
"INV01450","F097","Farmacia Economica Sur 97","Sur","P097","Vitamina C 500mg","Analgesicos","40","18","16","Normal","LOT-8483","2028-06-22"
"INV01451","F097","Farmacia Economica Sur 97","Sur","P026","Amoxicilina 500mg","Respiratorios","1","15","0,4","Critico","LOT-5857","2029-04-07"
"INV01452","F097","Farmacia Economica Sur 97","Sur","P066","Losartan 100mg","Cardiovasculares","81","16","32,4","Excedente","LOT-5848","2028-11-30"
"INV01453","F097","Farmacia Economica Sur 97","Sur","P139","Loratadina 500mg","Respiratorios","3","20","1,2","Critico","LOT-4383","2028-10-14"
"INV01454","F097","Farmacia Economica Sur 97","Sur","P043","Omeprazol Forte","Analgesicos","9","29","3,6","Bajo","LOT-5756","2029-06-14"
"INV01455","F097","Farmacia Economica Sur 97","Sur","P038","Vitamina C Plus","Respiratorios","68","19","27,2","Excedente","LOT-4452","2029-04-18"
"INV01456","F098","Farmacia Economica Valles 98","Valles","P007","Ibuprofeno 50mg","Cardiovasculares","43","26","17,2","Normal","LOT-7301","2028-01-13"
"INV01457","F098","Farmacia Economica Valles 98","Valles","P011","Aspirina Forte","Analgesicos","27","20","10,8","Normal","LOT-7918","2029-07-06"
"INV01458","F098","Farmacia Economica Valles 98","Valles","P043","Omeprazol Forte","Analgesicos","3","24","1,2","Critico","LOT-3113","2029-06-14"
"INV01459","F098","Farmacia Economica Valles 98","Valles","P084","Ibuprofeno 50mg","Cardiovasculares","30","26","12","Normal","LOT-9833","2028-05-08"
"INV01460","F098","Farmacia Economica Valles 98","Valles","P075","Paracetamol 50mg","Analgesicos","8","24","3,2","Bajo","LOT-1704","2028-04-13"
"INV01461","F098","Farmacia Economica Valles 98","Valles","P066","Losartan 100mg","Cardiovasculares","30","22","12","Normal","LOT-7225","2028-11-30"
"INV01462","F098","Farmacia Economica Valles 98","Valles","P132","Amoxicilina 100mg","Respiratorios","13","27","5,2","Bajo","LOT-4948","2029-09-29"
"INV01463","F098","Farmacia Economica Valles 98","Valles","P144","Paracetamol 100mg","Respiratorios","3","15","1,2","Critico","LOT-9736","2028-06-16"
"INV01464","F098","Farmacia Economica Valles 98","Valles","P141","Paracetamol 50mg","Respiratorios","8","27","3,2","Bajo","LOT-8485","2029-08-05"
"INV01465","F098","Farmacia Economica Valles 98","Valles","P147","Ibuprofeno 100mg","Cardiovasculares","7","23","2,8","Bajo","LOT-6720","2028-10-05"
"INV01466","F098","Farmacia Economica Valles 98","Valles","P031","Omeprazol Forte","Respiratorios","26","18","10,4","Normal","LOT-4979","2028-03-21"
"INV01467","F098","Farmacia Economica Valles 98","Valles","P027","Paracetamol 500mg","Respiratorios","21","27","8,4","Normal","LOT-1888","2028-07-05"
"INV01468","F098","Farmacia Economica Valles 98","Valles","P090","Vitamina C Forte","Analgesicos","8","21","3,2","Bajo","LOT-6723","2029-06-18"
"INV01469","F098","Farmacia Economica Valles 98","Valles","P051","Ibuprofeno 500mg","Respiratorios","25","26","10","Normal","LOT-2449","2029-01-17"
"INV01470","F098","Farmacia Economica Valles 98","Valles","P123","Paracetamol Plus","Analgesicos","13","25","5,2","Bajo","LOT-4686","2028-02-23"
"INV01471","F099","Farmacia Economica Quitumbe 99","Quitumbe","P139","Loratadina 500mg","Respiratorios","6","20","2,4","Bajo","LOT-1864","2028-10-14"
"INV01472","F099","Farmacia Economica Quitumbe 99","Quitumbe","P086","Losartan Forte","Respiratorios","18","27","7,2","Normal","LOT-8021","2029-02-01"
"INV01473","F099","Farmacia Economica Quitumbe 99","Quitumbe","P073","Paracetamol 500mg","Respiratorios","96","21","38,4","Excedente","LOT-3232","2029-10-04"
"INV01474","F099","Farmacia Economica Quitumbe 99","Quitumbe","P132","Amoxicilina 100mg","Respiratorios","38","24","15,2","Normal","LOT-5997","2029-09-29"
"INV01475","F099","Farmacia Economica Quitumbe 99","Quitumbe","P012","Amoxicilina 500mg","Cardiovasculares","21","15","8,4","Normal","LOT-7422","2027-11-02"
"INV01476","F099","Farmacia Economica Quitumbe 99","Quitumbe","P048","Paracetamol 500mg","Analgesicos","99","20","39,6","Excedente","LOT-4465","2029-02-06"
"INV01477","F099","Farmacia Economica Quitumbe 99","Quitumbe","P144","Paracetamol 100mg","Respiratorios","11","21","4,4","Bajo","LOT-1621","2028-06-16"
"INV01478","F099","Farmacia Economica Quitumbe 99","Quitumbe","P060","Omeprazol Forte","Analgesicos","75","28","30","Excedente","LOT-4860","2029-03-29"
"INV01479","F099","Farmacia Economica Quitumbe 99","Quitumbe","P047","Omeprazol Forte","Cardiovasculares","57","22","22,8","Excedente","LOT-3193","2028-12-29"
"INV01480","F099","Farmacia Economica Quitumbe 99","Quitumbe","P092","Vitamina C Forte","Respiratorios","18","15","7,2","Normal","LOT-6267","2028-09-17"
"INV01481","F099","Farmacia Economica Quitumbe 99","Quitumbe","P084","Ibuprofeno 50mg","Cardiovasculares","29","18","11,6","Normal","LOT-2474","2028-05-08"
"INV01482","F099","Farmacia Economica Quitumbe 99","Quitumbe","P043","Omeprazol Forte","Analgesicos","0","19","0","Agotado","LOT-9300","2029-06-14"
"INV01483","F099","Farmacia Economica Quitumbe 99","Quitumbe","P017","Vitamina C 100mg","Analgesicos","2","19","0,8","Critico","LOT-2208","2028-12-07"
"INV01484","F099","Farmacia Economica Quitumbe 99","Quitumbe","P022","Paracetamol Forte","Respiratorios","0","20","0","Agotado","LOT-1098","2027-09-04"
"INV01485","F099","Farmacia Economica Quitumbe 99","Quitumbe","P140","Omeprazol Plus","Respiratorios","35","21","14","Normal","LOT-7864","2027-09-12"
"INV01486","F100","Farmacia Economica Quitumbe 100","Quitumbe","P014","Aspirina 100mg","Analgesicos","25","26","10","Normal","LOT-4606","2028-12-29"
"INV01487","F100","Farmacia Economica Quitumbe 100","Quitumbe","P027","Paracetamol 500mg","Respiratorios","32","29","12,8","Normal","LOT-7936","2028-07-05"
"INV01488","F100","Farmacia Economica Quitumbe 100","Quitumbe","P009","Vitamina C Plus","Cardiovasculares","39","21","15,6","Normal","LOT-9439","2029-06-04"
"INV01489","F100","Farmacia Economica Quitumbe 100","Quitumbe","P114","Aspirina Forte","Cardiovasculares","7","24","2,8","Bajo","LOT-5260","2027-07-06"
"INV01490","F100","Farmacia Economica Quitumbe 100","Quitumbe","P022","Paracetamol Forte","Respiratorios","24","25","9,6","Normal","LOT-6960","2027-09-04"
"INV01491","F100","Farmacia Economica Quitumbe 100","Quitumbe","P059","Omeprazol 50mg","Cardiovasculares","26","25","10,4","Normal","LOT-7420","2028-09-28"
"INV01492","F100","Farmacia Economica Quitumbe 100","Quitumbe","P118","Losartan Plus","Respiratorios","34","16","13,6","Normal","LOT-7628","2027-08-27"
"INV01493","F100","Farmacia Economica Quitumbe 100","Quitumbe","P148","Losartan Plus","Cardiovasculares","28","21","11,2","Normal","LOT-3141","2029-06-24"
"INV01494","F100","Farmacia Economica Quitumbe 100","Quitumbe","P108","Amoxicilina Forte","Cardiovasculares","74","17","29,6","Excedente","LOT-8212","2029-08-01"
"INV01495","F100","Farmacia Economica Quitumbe 100","Quitumbe","P036","Ibuprofeno 100mg","Analgesicos","1","19","0,4","Critico","LOT-2454","2028-12-27"
"INV01496","F100","Farmacia Economica Quitumbe 100","Quitumbe","P124","Paracetamol 500mg","Respiratorios","79","17","31,6","Excedente","LOT-5522","2027-06-23"
"INV01497","F100","Farmacia Economica Quitumbe 100","Quitumbe","P098","Aspirina 100mg","Cardiovasculares","17","22","6,8","Normal","LOT-4280","2029-05-24"
"INV01498","F100","Farmacia Economica Quitumbe 100","Quitumbe","P012","Amoxicilina 500mg","Cardiovasculares","27","29","10,8","Normal","LOT-1042","2027-11-02"
"INV01499","F100","Farmacia Economica Quitumbe 100","Quitumbe","P013","Omeprazol Plus","Respiratorios","27","27","10,8","Normal","LOT-2150","2027-11-16"
"INV01500","F100","Farmacia Economica Quitumbe 100","Quitumbe","P017","Vitamina C 100mg","Analgesicos","0","15","0","Agotado","LOT-3863","2028-12-07"
